id,nome,caminho_rel,sha256,tamanho_kb,processo_citius,confianca,suporte,cluster,ambiguo,streams,obj_stm,js_tags
1,0002_2026-08-18_PECA_JUDICIAL_OUTPUT_DOCUMENTOS_CITIUS_PECA_JUDICIAL_15547_26_0T8LSB_20260818_150504.pdf,03_RESULTADOS\04_DOCUMENTOS_CITIUS_E_PECAS\ARQUIVO_OFICIAL_TRIBUNAL\PROC_15547_REIVINDICACAO\0002_2026-08-18_PECA_JUDICIAL_OUTPUT_DOCUMENTOS_CITIUS_PECA_JUDICIAL_15547_26_0T8LSB_20260818_150504.pdf,b7c0a4a4b1762bedfd6a6b2f61b6f8eda6c7830239ca2c0d5606c428cecb6556,114.16,15547/26.0T8LSB,0.58,PARCIAL,N/A,NAO,12,0,0
2,0002_2026-08-18_PROC_15547-26.0T8LSB_PECA_JUDICIAL_OUTPUT_DOCUMENTOS_CITIUS_PECA_JUDICIAL_15547_26_0T8LSB_20260818_150504.pdf,03_RESULTADOS\04_DOCUMENTOS_CITIUS_E_PECAS\ARQUIVO_OFICIAL_TRIBUNAL\PROC_15547_REIVINDICACAO\0002_2026-08-18_PROC_15547-26.0T8LSB_PECA_JUDICIAL_OUTPUT_DOCUMENTOS_CITIUS_PECA_JUDICIAL_15547_26_0T8LSB_20260818_150504.pdf,b7c0a4a4b1762bedfd6a6b2f61b6f8eda6c7830239ca2c0d5606c428cecb6556,114.16,15547/26.0T8LSB,0.98,DOCUMENTADO,N/A,NAO,12,0,0
3,0003_2026-08-18_PECA_JUDICIAL_OUTPUT_DOCUMENTOS_CITIUS_PECA__alt.pdf,03_RESULTADOS\04_DOCUMENTOS_CITIUS_E_PECAS\ARQUIVO_OFICIAL_TRIBUNAL\PROC_15547_REIVINDICACAO\0003_2026-08-18_PECA_JUDICIAL_OUTPUT_DOCUMENTOS_CITIUS_PECA__alt.pdf,b7c0a4a4b1762bedfd6a6b2f61b6f8eda6c7830239ca2c0d5606c428cecb6556,114.16,N/A,0.0,NAO_INDICIADO,N/A,NAO,12,0,0
4,0004_2026-08-20_DOCUMENTO_GERAL_15547-26-0T8LSB_456900676_10.pdf,03_RESULTADOS\04_DOCUMENTOS_CITIUS_E_PECAS\ARQUIVO_OFICIAL_TRIBUNAL\PROC_15547_REIVINDICACAO\0004_2026-08-20_DOCUMENTO_GERAL_15547-26-0T8LSB_456900676_10.pdf,623796fd72e45466fe144e424987982d560e45897083429228dfbeb3b62623ff,93.11,15547/26.0T8LSB,0.58,PARCIAL,N/A,NAO,5,0,0
5,0004_2026-08-20_PROC_15547-26.0T8LSB_DOCUMENTO_GERAL_15547-26-0T8LSB_456900676_10.pdf,03_RESULTADOS\04_DOCUMENTOS_CITIUS_E_PECAS\ARQUIVO_OFICIAL_TRIBUNAL\PROC_15547_REIVINDICACAO\0004_2026-08-20_PROC_15547-26.0T8LSB_DOCUMENTO_GERAL_15547-26-0T8LSB_456900676_10.pdf,623796fd72e45466fe144e424987982d560e45897083429228dfbeb3b62623ff,93.11,15547/26.0T8LSB,0.98,DOCUMENTADO,N/A,NAO,5,0,0
6,0005_2026-08-20_DOCUMENTO_GERAL_15547-26-0T8LSB_456900676_10_alt.pdf,03_RESULTADOS\04_DOCUMENTOS_CITIUS_E_PECAS\ARQUIVO_OFICIAL_TRIBUNAL\PROC_15547_REIVINDICACAO\0005_2026-08-20_DOCUMENTO_GERAL_15547-26-0T8LSB_456900676_10_alt.pdf,623796fd72e45466fe144e424987982d560e45897083429228dfbeb3b62623ff,93.11,15547/26.0T8LSB,0.58,PARCIAL,N/A,NAO,5,0,0
7,0005_2026-08-20_PROC_15547-26.0T8LSB_DOCUMENTO_GERAL_15547-26-0T8LSB_456900676_10_alt.pdf,03_RESULTADOS\04_DOCUMENTOS_CITIUS_E_PECAS\ARQUIVO_OFICIAL_TRIBUNAL\PROC_15547_REIVINDICACAO\0005_2026-08-20_PROC_15547-26.0T8LSB_DOCUMENTO_GERAL_15547-26-0T8LSB_456900676_10_alt.pdf,623796fd72e45466fe144e424987982d560e45897083429228dfbeb3b62623ff,93.11,15547/26.0T8LSB,0.98,DOCUMENTADO,N/A,NAO,5,0,0
8,0006_2026-08-20_DOCUMENTO_GERAL_15547-26-0T8LSB_456900676_11.pdf,03_RESULTADOS\04_DOCUMENTOS_CITIUS_E_PECAS\ARQUIVO_OFICIAL_TRIBUNAL\PROC_15547_REIVINDICACAO\0006_2026-08-20_DOCUMENTO_GERAL_15547-26-0T8LSB_456900676_11.pdf,37c045ae3ee9cd67a3553c8daa76f122fa3e5bf6d3f1e993e06e59116a880d16,107.44,15547/26.0T8LSB,0.58,PARCIAL,N/A,NAO,5,0,0
9,0006_2026-08-20_PROC_15547-26.0T8LSB_DOCUMENTO_GERAL_15547-26-0T8LSB_456900676_11.pdf,03_RESULTADOS\04_DOCUMENTOS_CITIUS_E_PECAS\ARQUIVO_OFICIAL_TRIBUNAL\PROC_15547_REIVINDICACAO\0006_2026-08-20_PROC_15547-26.0T8LSB_DOCUMENTO_GERAL_15547-26-0T8LSB_456900676_11.pdf,37c045ae3ee9cd67a3553c8daa76f122fa3e5bf6d3f1e993e06e59116a880d16,107.44,15547/26.0T8LSB,0.98,DOCUMENTADO,N/A,NAO,5,0,0
10,0007_2026-08-20_DOCUMENTO_GERAL_15547-26-0T8LSB_456900676_11_alt.pdf,03_RESULTADOS\04_DOCUMENTOS_CITIUS_E_PECAS\ARQUIVO_OFICIAL_TRIBUNAL\PROC_15547_REIVINDICACAO\0007_2026-08-20_DOCUMENTO_GERAL_15547-26-0T8LSB_456900676_11_alt.pdf,37c045ae3ee9cd67a3553c8daa76f122fa3e5bf6d3f1e993e06e59116a880d16,107.44,15547/26.0T8LSB,0.58,PARCIAL,N/A,NAO,5,0,0
11,0007_2026-08-20_PROC_15547-26.0T8LSB_DOCUMENTO_GERAL_15547-26-0T8LSB_456900676_11_alt.pdf,03_RESULTADOS\04_DOCUMENTOS_CITIUS_E_PECAS\ARQUIVO_OFICIAL_TRIBUNAL\PROC_15547_REIVINDICACAO\0007_2026-08-20_PROC_15547-26.0T8LSB_DOCUMENTO_GERAL_15547-26-0T8LSB_456900676_11_alt.pdf,37c045ae3ee9cd67a3553c8daa76f122fa3e5bf6d3f1e993e06e59116a880d16,107.44,15547/26.0T8LSB,0.98,DOCUMENTADO,N/A,NAO,5,0,0
12,0008_2026-08-20_DOCUMENTO_GERAL_15547-26-0T8LSB_456900676_14.pdf,03_RESULTADOS\04_DOCUMENTOS_CITIUS_E_PECAS\ARQUIVO_OFICIAL_TRIBUNAL\PROC_15547_REIVINDICACAO\0008_2026-08-20_DOCUMENTO_GERAL_15547-26-0T8LSB_456900676_14.pdf,117da694baa71c681024de4fa9a3901cce7528472da0f6a247166ceb0c78c7e0,115.04,15547/26.0T8LSB,0.58,PARCIAL,N/A,NAO,25,0,0
13,0008_2026-08-20_PROC_15547-26.0T8LSB_DOCUMENTO_GERAL_15547-26-0T8LSB_456900676_14.pdf,03_RESULTADOS\04_DOCUMENTOS_CITIUS_E_PECAS\ARQUIVO_OFICIAL_TRIBUNAL\PROC_15547_REIVINDICACAO\0008_2026-08-20_PROC_15547-26.0T8LSB_DOCUMENTO_GERAL_15547-26-0T8LSB_456900676_14.pdf,117da694baa71c681024de4fa9a3901cce7528472da0f6a247166ceb0c78c7e0,115.04,15547/26.0T8LSB,0.98,DOCUMENTADO,N/A,NAO,25,0,0
14,0009_2026-08-20_DOCUMENTO_GERAL_15547-26-0T8LSB_456900676_14_alt.pdf,03_RESULTADOS\04_DOCUMENTOS_CITIUS_E_PECAS\ARQUIVO_OFICIAL_TRIBUNAL\PROC_15547_REIVINDICACAO\0009_2026-08-20_DOCUMENTO_GERAL_15547-26-0T8LSB_456900676_14_alt.pdf,117da694baa71c681024de4fa9a3901cce7528472da0f6a247166ceb0c78c7e0,115.04,15547/26.0T8LSB,0.58,PARCIAL,N/A,NAO,25,0,0
15,0009_2026-08-20_PROC_15547-26.0T8LSB_DOCUMENTO_GERAL_15547-26-0T8LSB_456900676_14_alt.pdf,03_RESULTADOS\04_DOCUMENTOS_CITIUS_E_PECAS\ARQUIVO_OFICIAL_TRIBUNAL\PROC_15547_REIVINDICACAO\0009_2026-08-20_PROC_15547-26.0T8LSB_DOCUMENTO_GERAL_15547-26-0T8LSB_456900676_14_alt.pdf,117da694baa71c681024de4fa9a3901cce7528472da0f6a247166ceb0c78c7e0,115.04,15547/26.0T8LSB,0.98,DOCUMENTADO,N/A,NAO,25,0,0
16,0010_2026-08-20_DOCUMENTO_GERAL_15547-26-0T8LSB_456900676_4.pdf,03_RESULTADOS\04_DOCUMENTOS_CITIUS_E_PECAS\ARQUIVO_OFICIAL_TRIBUNAL\PROC_15547_REIVINDICACAO\0010_2026-08-20_DOCUMENTO_GERAL_15547-26-0T8LSB_456900676_4.pdf,e97024b25dadb188e9e6a16f47a292bb50cc35a077515f091ab4997c2b62e557,3782.01,15547/26.0T8LSB,0.58,PARCIAL,N/A,NAO,15,0,0
17,0010_2026-08-20_PROC_15547-26.0T8LSB_DOCUMENTO_GERAL_15547-26-0T8LSB_456900676_4.pdf,03_RESULTADOS\04_DOCUMENTOS_CITIUS_E_PECAS\ARQUIVO_OFICIAL_TRIBUNAL\PROC_15547_REIVINDICACAO\0010_2026-08-20_PROC_15547-26.0T8LSB_DOCUMENTO_GERAL_15547-26-0T8LSB_456900676_4.pdf,e97024b25dadb188e9e6a16f47a292bb50cc35a077515f091ab4997c2b62e557,3782.01,15547/26.0T8LSB,0.98,DOCUMENTADO,N/A,NAO,15,0,0
18,0011_2026-08-20_DOCUMENTO_GERAL_15547-26-0T8LSB_456900676_4_alt.pdf,03_RESULTADOS\04_DOCUMENTOS_CITIUS_E_PECAS\ARQUIVO_OFICIAL_TRIBUNAL\PROC_15547_REIVINDICACAO\0011_2026-08-20_DOCUMENTO_GERAL_15547-26-0T8LSB_456900676_4_alt.pdf,e97024b25dadb188e9e6a16f47a292bb50cc35a077515f091ab4997c2b62e557,3782.01,15547/26.0T8LSB,0.58,PARCIAL,N/A,NAO,15,0,0
19,0011_2026-08-20_PROC_15547-26.0T8LSB_DOCUMENTO_GERAL_15547-26-0T8LSB_456900676_4_alt.pdf,03_RESULTADOS\04_DOCUMENTOS_CITIUS_E_PECAS\ARQUIVO_OFICIAL_TRIBUNAL\PROC_15547_REIVINDICACAO\0011_2026-08-20_PROC_15547-26.0T8LSB_DOCUMENTO_GERAL_15547-26-0T8LSB_456900676_4_alt.pdf,e97024b25dadb188e9e6a16f47a292bb50cc35a077515f091ab4997c2b62e557,3782.01,15547/26.0T8LSB,0.98,DOCUMENTADO,N/A,NAO,15,0,0
20,0012_2026-08-20_DOCUMENTO_GERAL_15547-26-0T8LSB_456900676_5.pdf,03_RESULTADOS\04_DOCUMENTOS_CITIUS_E_PECAS\ARQUIVO_OFICIAL_TRIBUNAL\PROC_15547_REIVINDICACAO\0012_2026-08-20_DOCUMENTO_GERAL_15547-26-0T8LSB_456900676_5.pdf,8dc618ed7e2426085e11d52e549f001af1a99cc60aaa7a177d90417659507238,619.0,15547/26.0T8LSB,0.58,PARCIAL,N/A,NAO,5,0,0
21,0012_2026-08-20_PROC_15547-26.0T8LSB_DOCUMENTO_GERAL_15547-26-0T8LSB_456900676_5.pdf,03_RESULTADOS\04_DOCUMENTOS_CITIUS_E_PECAS\ARQUIVO_OFICIAL_TRIBUNAL\PROC_15547_REIVINDICACAO\0012_2026-08-20_PROC_15547-26.0T8LSB_DOCUMENTO_GERAL_15547-26-0T8LSB_456900676_5.pdf,8dc618ed7e2426085e11d52e549f001af1a99cc60aaa7a177d90417659507238,619.0,15547/26.0T8LSB,0.98,DOCUMENTADO,N/A,NAO,5,0,0
22,0013_2026-08-20_DOCUMENTO_GERAL_15547-26-0T8LSB_456900676_5_alt.pdf,03_RESULTADOS\04_DOCUMENTOS_CITIUS_E_PECAS\ARQUIVO_OFICIAL_TRIBUNAL\PROC_15547_REIVINDICACAO\0013_2026-08-20_DOCUMENTO_GERAL_15547-26-0T8LSB_456900676_5_alt.pdf,8dc618ed7e2426085e11d52e549f001af1a99cc60aaa7a177d90417659507238,619.0,15547/26.0T8LSB,0.58,PARCIAL,N/A,NAO,5,0,0
23,0013_2026-08-20_PROC_15547-26.0T8LSB_DOCUMENTO_GERAL_15547-26-0T8LSB_456900676_5_alt.pdf,03_RESULTADOS\04_DOCUMENTOS_CITIUS_E_PECAS\ARQUIVO_OFICIAL_TRIBUNAL\PROC_15547_REIVINDICACAO\0013_2026-08-20_PROC_15547-26.0T8LSB_DOCUMENTO_GERAL_15547-26-0T8LSB_456900676_5_alt.pdf,8dc618ed7e2426085e11d52e549f001af1a99cc60aaa7a177d90417659507238,619.0,15547/26.0T8LSB,0.98,DOCUMENTADO,N/A,NAO,5,0,0
24,0014_2026-08-20_DOCUMENTO_GERAL_15547-26-0T8LSB_456900676_7.pdf,03_RESULTADOS\04_DOCUMENTOS_CITIUS_E_PECAS\ARQUIVO_OFICIAL_TRIBUNAL\PROC_15547_REIVINDICACAO\0014_2026-08-20_DOCUMENTO_GERAL_15547-26-0T8LSB_456900676_7.pdf,2d2fc09f23b197c0610bf49f00df08f0461088b4b7c07d8d8265061f257cd354,2934.7,15547/26.0T8LSB,0.58,PARCIAL,N/A,NAO,13,0,0
25,0014_2026-08-20_PROC_15547-26.0T8LSB_DOCUMENTO_GERAL_15547-26-0T8LSB_456900676_7.pdf,03_RESULTADOS\04_DOCUMENTOS_CITIUS_E_PECAS\ARQUIVO_OFICIAL_TRIBUNAL\PROC_15547_REIVINDICACAO\0014_2026-08-20_PROC_15547-26.0T8LSB_DOCUMENTO_GERAL_15547-26-0T8LSB_456900676_7.pdf,2d2fc09f23b197c0610bf49f00df08f0461088b4b7c07d8d8265061f257cd354,2934.7,15547/26.0T8LSB,0.98,DOCUMENTADO,N/A,NAO,13,0,0
26,0015_2026-08-20_DOCUMENTO_GERAL_15547-26-0T8LSB_456900676_7_alt.pdf,03_RESULTADOS\04_DOCUMENTOS_CITIUS_E_PECAS\ARQUIVO_OFICIAL_TRIBUNAL\PROC_15547_REIVINDICACAO\0015_2026-08-20_DOCUMENTO_GERAL_15547-26-0T8LSB_456900676_7_alt.pdf,2d2fc09f23b197c0610bf49f00df08f0461088b4b7c07d8d8265061f257cd354,2934.7,15547/26.0T8LSB,0.58,PARCIAL,N/A,NAO,13,0,0
27,0015_2026-08-20_PROC_15547-26.0T8LSB_DOCUMENTO_GERAL_15547-26-0T8LSB_456900676_7_alt.pdf,03_RESULTADOS\04_DOCUMENTOS_CITIUS_E_PECAS\ARQUIVO_OFICIAL_TRIBUNAL\PROC_15547_REIVINDICACAO\0015_2026-08-20_PROC_15547-26.0T8LSB_DOCUMENTO_GERAL_15547-26-0T8LSB_456900676_7_alt.pdf,2d2fc09f23b197c0610bf49f00df08f0461088b4b7c07d8d8265061f257cd354,2934.7,15547/26.0T8LSB,0.98,DOCUMENTADO,N/A,NAO,13,0,0
28,0016_2026-08-20_DOCUMENTO_GERAL_15547-26-0T8LSB_456900676_8.pdf,03_RESULTADOS\04_DOCUMENTOS_CITIUS_E_PECAS\ARQUIVO_OFICIAL_TRIBUNAL\PROC_15547_REIVINDICACAO\0016_2026-08-20_DOCUMENTO_GERAL_15547-26-0T8LSB_456900676_8.pdf,376a5c6f6c3076bf2362f87abf95d7d3cdbb830a5a31aa2123816bfa6521ba3d,6926.28,15547/26.0T8LSB,0.58,PARCIAL,N/A,NAO,19,0,0
29,0016_2026-08-20_PROC_15547-26.0T8LSB_DOCUMENTO_GERAL_15547-26-0T8LSB_456900676_8.pdf,03_RESULTADOS\04_DOCUMENTOS_CITIUS_E_PECAS\ARQUIVO_OFICIAL_TRIBUNAL\PROC_15547_REIVINDICACAO\0016_2026-08-20_PROC_15547-26.0T8LSB_DOCUMENTO_GERAL_15547-26-0T8LSB_456900676_8.pdf,376a5c6f6c3076bf2362f87abf95d7d3cdbb830a5a31aa2123816bfa6521ba3d,6926.28,15547/26.0T8LSB,0.98,DOCUMENTADO,N/A,NAO,19,0,0
30,0017_2026-08-20_DOCUMENTO_GERAL_15547-26-0T8LSB_456900676_8_alt.pdf,03_RESULTADOS\04_DOCUMENTOS_CITIUS_E_PECAS\ARQUIVO_OFICIAL_TRIBUNAL\PROC_15547_REIVINDICACAO\0017_2026-08-20_DOCUMENTO_GERAL_15547-26-0T8LSB_456900676_8_alt.pdf,376a5c6f6c3076bf2362f87abf95d7d3cdbb830a5a31aa2123816bfa6521ba3d,6926.28,15547/26.0T8LSB,0.58,PARCIAL,N/A,NAO,19,0,0
31,0017_2026-08-20_PROC_15547-26.0T8LSB_DOCUMENTO_GERAL_15547-26-0T8LSB_456900676_8_alt.pdf,03_RESULTADOS\04_DOCUMENTOS_CITIUS_E_PECAS\ARQUIVO_OFICIAL_TRIBUNAL\PROC_15547_REIVINDICACAO\0017_2026-08-20_PROC_15547-26.0T8LSB_DOCUMENTO_GERAL_15547-26-0T8LSB_456900676_8_alt.pdf,376a5c6f6c3076bf2362f87abf95d7d3cdbb830a5a31aa2123816bfa6521ba3d,6926.28,15547/26.0T8LSB,0.98,DOCUMENTADO,N/A,NAO,19,0,0
32,0018_2026-08-20_DOCUMENTO_GERAL_15547-26-0T8LSB_456900676_9.pdf,03_RESULTADOS\04_DOCUMENTOS_CITIUS_E_PECAS\ARQUIVO_OFICIAL_TRIBUNAL\PROC_15547_REIVINDICACAO\0018_2026-08-20_DOCUMENTO_GERAL_15547-26-0T8LSB_456900676_9.pdf,5d15f00f3d03361c492d2d9af51de1c74fb43e1b497116ed53bae5b5d2e4e548,2282.32,15547/26.0T8LSB,0.58,PARCIAL,N/A,NAO,13,0,0
33,0018_2026-08-20_PROC_15547-26.0T8LSB_DOCUMENTO_GERAL_15547-26-0T8LSB_456900676_9.pdf,03_RESULTADOS\04_DOCUMENTOS_CITIUS_E_PECAS\ARQUIVO_OFICIAL_TRIBUNAL\PROC_15547_REIVINDICACAO\0018_2026-08-20_PROC_15547-26.0T8LSB_DOCUMENTO_GERAL_15547-26-0T8LSB_456900676_9.pdf,5d15f00f3d03361c492d2d9af51de1c74fb43e1b497116ed53bae5b5d2e4e548,2282.32,15547/26.0T8LSB,0.98,DOCUMENTADO,N/A,NAO,13,0,0
34,0019_2026-08-20_DOCUMENTO_GERAL_15547-26-0T8LSB_456900676_9_alt.pdf,03_RESULTADOS\04_DOCUMENTOS_CITIUS_E_PECAS\ARQUIVO_OFICIAL_TRIBUNAL\PROC_15547_REIVINDICACAO\0019_2026-08-20_DOCUMENTO_GERAL_15547-26-0T8LSB_456900676_9_alt.pdf,5d15f00f3d03361c492d2d9af51de1c74fb43e1b497116ed53bae5b5d2e4e548,2282.32,15547/26.0T8LSB,0.58,PARCIAL,N/A,NAO,13,0,0
35,0019_2026-08-20_PROC_15547-26.0T8LSB_DOCUMENTO_GERAL_15547-26-0T8LSB_456900676_9_alt.pdf,03_RESULTADOS\04_DOCUMENTOS_CITIUS_E_PECAS\ARQUIVO_OFICIAL_TRIBUNAL\PROC_15547_REIVINDICACAO\0019_2026-08-20_PROC_15547-26.0T8LSB_DOCUMENTO_GERAL_15547-26-0T8LSB_456900676_9_alt.pdf,5d15f00f3d03361c492d2d9af51de1c74fb43e1b497116ed53bae5b5d2e4e548,2282.32,15547/26.0T8LSB,0.98,DOCUMENTADO,N/A,NAO,13,0,0
36,0020_2026-08-20_DOCUMENTO_GERAL_15547_26_0T8LSB_456900676_CITA_alt.pdf,03_RESULTADOS\04_DOCUMENTOS_CITIUS_E_PECAS\ARQUIVO_OFICIAL_TRIBUNAL\PROC_15547_REIVINDICACAO\0020_2026-08-20_DOCUMENTO_GERAL_15547_26_0T8LSB_456900676_CITA_alt.pdf,c101eae0becc5dca77b59a00cf37cd6fda2c5000722ee55fd20208e97a19484e,138.76,15547/26.0T8LSB,1.0,DOCUMENTADO,N/A,NAO,22,0,0
37,0020_2026-08-20_PROC_15547-26.0T8LSB_DOCUMENTO_GERAL_15547_26_0T8LSB_456900676_CITA_alt.pdf,03_RESULTADOS\04_DOCUMENTOS_CITIUS_E_PECAS\ARQUIVO_OFICIAL_TRIBUNAL\PROC_15547_REIVINDICACAO\0020_2026-08-20_PROC_15547-26.0T8LSB_DOCUMENTO_GERAL_15547_26_0T8LSB_456900676_CITA_alt.pdf,c101eae0becc5dca77b59a00cf37cd6fda2c5000722ee55fd20208e97a19484e,138.76,15547/26.0T8LSB,1.0,DOCUMENTADO,N/A,NAO,22,0,0
38,0021_2026-08-20_DOCUMENTO_GERAL_15547_26_0T8LSB_REF_SEMREF_CIT_alt.pdf,03_RESULTADOS\04_DOCUMENTOS_CITIUS_E_PECAS\ARQUIVO_OFICIAL_TRIBUNAL\PROC_15547_REIVINDICACAO\0021_2026-08-20_DOCUMENTO_GERAL_15547_26_0T8LSB_REF_SEMREF_CIT_alt.pdf,aa3060b801d766a6748eb402b0e1b87d6ec0e18ba17bfed228fb0da42f3d4f26,9.59,15547/26.0T8LSB,1.0,DOCUMENTADO,N/A,NAO,3,0,0
39,0021_2026-08-20_PROC_15547-26.0T8LSB_DOCUMENTO_GERAL_15547_26_0T8LSB_REF_SEMREF_CIT_alt.pdf,03_RESULTADOS\04_DOCUMENTOS_CITIUS_E_PECAS\ARQUIVO_OFICIAL_TRIBUNAL\PROC_15547_REIVINDICACAO\0021_2026-08-20_PROC_15547-26.0T8LSB_DOCUMENTO_GERAL_15547_26_0T8LSB_REF_SEMREF_CIT_alt.pdf,aa3060b801d766a6748eb402b0e1b87d6ec0e18ba17bfed228fb0da42f3d4f26,9.59,15547/26.0T8LSB,1.0,DOCUMENTADO,N/A,NAO,3,0,0
40,0022_2026-08-20_PECA_JUDICIAL_15547_26_0T8LSB_456900676_CITACAO.pdf,03_RESULTADOS\04_DOCUMENTOS_CITIUS_E_PECAS\ARQUIVO_OFICIAL_TRIBUNAL\PROC_15547_REIVINDICACAO\0022_2026-08-20_PECA_JUDICIAL_15547_26_0T8LSB_456900676_CITACAO.pdf,c101eae0becc5dca77b59a00cf37cd6fda2c5000722ee55fd20208e97a19484e,138.76,15547/26.0T8LSB,1.0,DOCUMENTADO,N/A,NAO,22,0,0
41,0022_2026-08-20_PROC_15547-26.0T8LSB_PECA_JUDICIAL_15547_26_0T8LSB_456900676_CITACAO.pdf,03_RESULTADOS\04_DOCUMENTOS_CITIUS_E_PECAS\ARQUIVO_OFICIAL_TRIBUNAL\PROC_15547_REIVINDICACAO\0022_2026-08-20_PROC_15547-26.0T8LSB_PECA_JUDICIAL_15547_26_0T8LSB_456900676_CITACAO.pdf,c101eae0becc5dca77b59a00cf37cd6fda2c5000722ee55fd20208e97a19484e,138.76,15547/26.0T8LSB,1.0,DOCUMENTADO,N/A,NAO,22,0,0
42,0023_2026-08-20_PECA_JUDICIAL_15547_26_0T8LSB_REF_SEMREF_CITACAO.pdf,03_RESULTADOS\04_DOCUMENTOS_CITIUS_E_PECAS\ARQUIVO_OFICIAL_TRIBUNAL\PROC_15547_REIVINDICACAO\0023_2026-08-20_PECA_JUDICIAL_15547_26_0T8LSB_REF_SEMREF_CITACAO.pdf,aa3060b801d766a6748eb402b0e1b87d6ec0e18ba17bfed228fb0da42f3d4f26,9.59,15547/26.0T8LSB,1.0,DOCUMENTADO,N/A,NAO,3,0,0
43,0023_2026-08-20_PROC_15547-26.0T8LSB_PECA_JUDICIAL_15547_26_0T8LSB_REF_SEMREF_CITACAO.pdf,03_RESULTADOS\04_DOCUMENTOS_CITIUS_E_PECAS\ARQUIVO_OFICIAL_TRIBUNAL\PROC_15547_REIVINDICACAO\0023_2026-08-20_PROC_15547-26.0T8LSB_PECA_JUDICIAL_15547_26_0T8LSB_REF_SEMREF_CITACAO.pdf,aa3060b801d766a6748eb402b0e1b87d6ec0e18ba17bfed228fb0da42f3d4f26,9.59,15547/26.0T8LSB,1.0,DOCUMENTADO,N/A,NAO,3,0,0
44,0024_2026-08-21_PROC_15547-26.0T8LSB_PROVA_DOCUMENTAL_PROC_15547_FACTOS_PROVADOS.pdf,03_RESULTADOS\04_DOCUMENTOS_CITIUS_E_PECAS\ARQUIVO_OFICIAL_TRIBUNAL\PROC_15547_REIVINDICACAO\0024_2026-08-21_PROC_15547-26.0T8LSB_PROVA_DOCUMENTAL_PROC_15547_FACTOS_PROVADOS.pdf,5a7922ddfc4976749fc465342aad47a7915d96ae4f54f9b238ccf31e20f3c02e,86.42,15547/26.0T8LSB,0.98,DOCUMENTADO,N/A,NAO,16,0,0
45,0024_2026-08-21_PROVA_DOCUMENTAL_PROC_15547_FACTOS_PROVADOS.pdf,03_RESULTADOS\04_DOCUMENTOS_CITIUS_E_PECAS\ARQUIVO_OFICIAL_TRIBUNAL\PROC_15547_REIVINDICACAO\0024_2026-08-21_PROVA_DOCUMENTAL_PROC_15547_FACTOS_PROVADOS.pdf,5a7922ddfc4976749fc465342aad47a7915d96ae4f54f9b238ccf31e20f3c02e,86.42,N/A,0.0,NAO_INDICIADO,N/A,NAO,16,0,0
46,0025_2026-08-21_PROC_15547-26.0T8LSB_PROVA_DOCUMENTAL_PROC_15547_FACTOS_PROVADOS_alt.pdf,03_RESULTADOS\04_DOCUMENTOS_CITIUS_E_PECAS\ARQUIVO_OFICIAL_TRIBUNAL\PROC_15547_REIVINDICACAO\0025_2026-08-21_PROC_15547-26.0T8LSB_PROVA_DOCUMENTAL_PROC_15547_FACTOS_PROVADOS_alt.pdf,5a7922ddfc4976749fc465342aad47a7915d96ae4f54f9b238ccf31e20f3c02e,86.42,15547/26.0T8LSB,0.98,DOCUMENTADO,N/A,NAO,16,0,0
47,0025_2026-08-21_PROVA_DOCUMENTAL_PROC_15547_FACTOS_PROVADOS_alt.pdf,03_RESULTADOS\04_DOCUMENTOS_CITIUS_E_PECAS\ARQUIVO_OFICIAL_TRIBUNAL\PROC_15547_REIVINDICACAO\0025_2026-08-21_PROVA_DOCUMENTAL_PROC_15547_FACTOS_PROVADOS_alt.pdf,5a7922ddfc4976749fc465342aad47a7915d96ae4f54f9b238ccf31e20f3c02e,86.42,N/A,0.0,NAO_INDICIADO,N/A,NAO,16,0,0
48,0153-24-7T8LSB_Requerimento_004_Unicre.pdf,03_RESULTADOS\04_DOCUMENTOS_CITIUS_E_PECAS\ARQUIVO_OFICIAL_TRIBUNAL\PROC_10153_UNICRE_SUSPENSO\0153-24-7T8LSB_Requerimento_004_Unicre.pdf,ea5dc29c960f64a52169612f2c0af0328e84cbd513cfce3082d581f521327c3e,124.96,N/A,0.0,NAO_INDICIADO,N/A,NAO,36,4,0
49,0153-24-7T8LSB_Requerimento_005_Unicre.pdf,03_RESULTADOS\04_DOCUMENTOS_CITIUS_E_PECAS\ARQUIVO_OFICIAL_TRIBUNAL\PROC_10153_UNICRE_SUSPENSO\0153-24-7T8LSB_Requerimento_005_Unicre.pdf,92abd1d2ebca23bb6ddcda2acfaa44cb98b035f22b41e9568bcff0669bcfc1c8,116.64,N/A,0.0,NAO_INDICIADO,N/A,NAO,32,3,0
50,0153-24-7T8LSB_Requerimento_00_alt.pdf,03_RESULTADOS\04_DOCUMENTOS_CITIUS_E_PECAS\ARQUIVO_OFICIAL_TRIBUNAL\PROC_10153_UNICRE_SUSPENSO\0153-24-7T8LSB_Requerimento_00_alt.pdf,92abd1d2ebca23bb6ddcda2acfaa44cb98b035f22b41e9568bcff0669bcfc1c8,116.64,N/A,0.0,NAO_INDICIADO,N/A,NAO,32,3,0
51,01_DESPACHO_INDEFERIMENTO_LIMINAR_PROC_23142.pdf,03_RESULTADOS\03_PROVAS_SELECIONADAS_POR_PROCESSO\PROC_23142_EXECUCAO_TRL\01_DESPACHO_INDEFERIMENTO_LIMINAR_PROC_23142.pdf,75b904d53effe80fe2246eaec3955f746cb958d900de3a16133dbe9afb8f7e5e,3.88,N/A,0.0,NAO_INDICIADO,N/A,NAO,1,0,0
52,0203-22-6T8LSB_Requerimento_003_Unicre.pdf,03_RESULTADOS\04_DOCUMENTOS_CITIUS_E_PECAS\ARQUIVO_OFICIAL_TRIBUNAL\PROC_10153_UNICRE_SUSPENSO\0203-22-6T8LSB_Requerimento_003_Unicre.pdf,f12c6806c44e48549a893b0b9eff173183afad1e93445f1444f1760582a82f4e,119.82,N/A,0.0,NAO_INDICIADO,N/A,NAO,34,4,0
53,0203-22-6T8LSB_Requerimento_00_alt.pdf,03_RESULTADOS\04_DOCUMENTOS_CITIUS_E_PECAS\ARQUIVO_OFICIAL_TRIBUNAL\PROC_10153_UNICRE_SUSPENSO\0203-22-6T8LSB_Requerimento_00_alt.pdf,f12c6806c44e48549a893b0b9eff173183afad1e93445f1444f1760582a82f4e,119.82,N/A,0.0,NAO_INDICIADO,N/A,NAO,34,4,0
54,02_ACORDAO_TRL_EXTINCAO_EXECUCAO_23142.pdf,03_RESULTADOS\03_PROVAS_SELECIONADAS_POR_PROCESSO\PROC_23142_EXECUCAO_TRL\02_ACORDAO_TRL_EXTINCAO_EXECUCAO_23142.pdf,594927b984e6783d7fca7baa2d9476136b4d5f72995890e92d742acc7c14e9ab,3.29,N/A,0.0,NAO_INDICIADO,N/A,NAO,1,0,0
55,03_RECLAMACAO_DISCIPLINAR_CAAJ_LUISA_SANTOS.pdf,03_RESULTADOS\03_PROVAS_SELECIONADAS_POR_PROCESSO\PROC_23142_EXECUCAO_TRL\03_RECLAMACAO_DISCIPLINAR_CAAJ_LUISA_SANTOS.pdf,06cb689e892c53d4cf041afaa6332be1897b0c0056d176a78f8704a9c75fc023,3.44,N/A,0.0,NAO_INDICIADO,N/A,NAO,1,0,0
56,04_REQUERIMENTO_LEVANTAMENTO_PENHORAS_35K.pdf,03_RESULTADOS\03_PROVAS_SELECIONADAS_POR_PROCESSO\PROC_23142_EXECUCAO_TRL\04_REQUERIMENTO_LEVANTAMENTO_PENHORAS_35K.pdf,748bba6faaf1950aef660dc145562344fdc4c05d541ef9cb26b2f5b8666d229e,3.42,N/A,0.0,NAO_INDICIADO,N/A,NAO,1,0,0
57,05_DESPACHO_SUSPENSAO_EXECUCAO_UNICRE_PROC_10153.pdf,03_RESULTADOS\03_PROVAS_SELECIONADAS_POR_PROCESSO\PROC_10153_E_20203_UNICRE\05_DESPACHO_SUSPENSAO_EXECUCAO_UNICRE_PROC_10153.pdf,810a27c3acdf95bb71027d42c6b042cf1f1461ee91312bec4b72fd70aed0bc57,3.06,N/A,0.0,NAO_INDICIADO,N/A,NAO,1,0,0
58,05_REQUERIMENTO_MARIA_TERESA_2_alt.pdf,03_RESULTADOS\04_DOCUMENTOS_CITIUS_E_PECAS\ARQUIVO_OFICIAL_TRIBUNAL\PROC_3719_CAUTELAR_ARQUIVADO\05_REQUERIMENTO_MARIA_TERESA_2_alt.pdf,9966b7daf91c304a83cb1b965f5c9b12e7adb2980262bb7ff8016a1b84c6bec2,25.91,N/A,0.0,NAO_INDICIADO,N/A,NAO,4,0,0
59,06_MINUTA_CONTESTACAO_15547_COMPLETA.pdf,03_RESULTADOS\03_PROVAS_SELECIONADAS_POR_PROCESSO\PROC_15547_REIVINDICACAO\06_MINUTA_CONTESTACAO_15547_COMPLETA.pdf,3fc58cbc6e927e82a386d9217ce0947b499d977af28d2ffa948c77df41d6cc8b,4.31,N/A,0.0,NAO_INDICIADO,N/A,NAO,1,0,0
60,06_NOTIFICACAO_CENTENARIO_2025_alt.pdf,03_RESULTADOS\04_DOCUMENTOS_CITIUS_E_PECAS\ARQUIVO_OFICIAL_TRIBUNAL\PROC_23142_EXECUCAO_TRL\06_NOTIFICACAO_CENTENARIO_2025_alt.pdf,20dbf1e329d3eee1a206a90830184e006c2c0bceb6b3a6b7e5572addcddfda14,28.54,N/A,0.0,NAO_INDICIADO,N/A,NAO,4,0,0
61,07_FATURA_UNICRE_20240101_alt.pdf,03_RESULTADOS\04_DOCUMENTOS_CITIUS_E_PECAS\ARQUIVO_OFICIAL_TRIBUNAL\PROC_10153_UNICRE_SUSPENSO\07_FATURA_UNICRE_20240101_alt.pdf,ba9f111411d684776655e0058fd5e3683a0db9210a845b323120af384a5fae2c,23.9,N/A,0.0,NAO_INDICIADO,N/A,NAO,4,0,0
62,133880.pdf,03_RESULTADOS\04_DOCUMENTOS_CITIUS_E_PECAS\ARQUIVO_OFICIAL_TRIBUNAL\PROC_3719_CAUTELAR_ARQUIVADO\133880.pdf,77b17a321a0eb2a1696fa0c5109947d5737a4633eaf7b6f0e84efbdc56349c6e,1288.08,N/A,0.0,NAO_INDICIADO,N/A,NAO,40,0,0
63,133880_alt.pdf,03_RESULTADOS\04_DOCUMENTOS_CITIUS_E_PECAS\ARQUIVO_OFICIAL_TRIBUNAL\PROC_3719_CAUTELAR_ARQUIVADO\133880_alt.pdf,77b17a321a0eb2a1696fa0c5109947d5737a4633eaf7b6f0e84efbdc56349c6e,1288.08,N/A,0.0,NAO_INDICIADO,N/A,NAO,40,0,0
64,137630.pdf,03_RESULTADOS\04_DOCUMENTOS_CITIUS_E_PECAS\ARQUIVO_OFICIAL_TRIBUNAL\PROC_3719_CAUTELAR_ARQUIVADO\137630.pdf,3c7cadf3941ad17d7f22081fac3e4e33e8cecc84c6fe081ee4018469cee83dd7,6756.08,N/A,0.0,NAO_INDICIADO,N/A,NAO,66,0,0
65,137630_alt.pdf,03_RESULTADOS\04_DOCUMENTOS_CITIUS_E_PECAS\ARQUIVO_OFICIAL_TRIBUNAL\PROC_3719_CAUTELAR_ARQUIVADO\137630_alt.pdf,3c7cadf3941ad17d7f22081fac3e4e33e8cecc84c6fe081ee4018469cee83dd7,6756.08,N/A,0.0,NAO_INDICIADO,N/A,NAO,66,0,0
66,15547-26-0T8LSB_456900676_10.pdf,03_RESULTADOS\04_DOCUMENTOS_CITIUS_E_PECAS\ARQUIVO_OFICIAL_TRIBUNAL\PROC_15547_REIVINDICACAO\15547-26-0T8LSB_456900676_10.pdf,623796fd72e45466fe144e424987982d560e45897083429228dfbeb3b62623ff,93.11,15547/26.0T8LSB,0.58,PARCIAL,N/A,NAO,5,0,0
67,15547-26-0T8LSB_456900676_10_alt.pdf,03_RESULTADOS\04_DOCUMENTOS_CITIUS_E_PECAS\ARQUIVO_OFICIAL_TRIBUNAL\PROC_15547_REIVINDICACAO\15547-26-0T8LSB_456900676_10_alt.pdf,623796fd72e45466fe144e424987982d560e45897083429228dfbeb3b62623ff,93.11,15547/26.0T8LSB,0.58,PARCIAL,N/A,NAO,5,0,0
68,15547-26-0T8LSB_456900676_11.pdf,03_RESULTADOS\04_DOCUMENTOS_CITIUS_E_PECAS\ARQUIVO_OFICIAL_TRIBUNAL\PROC_15547_REIVINDICACAO\15547-26-0T8LSB_456900676_11.pdf,37c045ae3ee9cd67a3553c8daa76f122fa3e5bf6d3f1e993e06e59116a880d16,107.44,15547/26.0T8LSB,0.58,PARCIAL,N/A,NAO,5,0,0
69,15547-26-0T8LSB_456900676_11_alt.pdf,03_RESULTADOS\04_DOCUMENTOS_CITIUS_E_PECAS\ARQUIVO_OFICIAL_TRIBUNAL\PROC_15547_REIVINDICACAO\15547-26-0T8LSB_456900676_11_alt.pdf,37c045ae3ee9cd67a3553c8daa76f122fa3e5bf6d3f1e993e06e59116a880d16,107.44,15547/26.0T8LSB,0.58,PARCIAL,N/A,NAO,5,0,0
70,15547-26-0T8LSB_456900676_14.pdf,03_RESULTADOS\04_DOCUMENTOS_CITIUS_E_PECAS\ARQUIVO_OFICIAL_TRIBUNAL\PROC_15547_REIVINDICACAO\15547-26-0T8LSB_456900676_14.pdf,117da694baa71c681024de4fa9a3901cce7528472da0f6a247166ceb0c78c7e0,115.04,15547/26.0T8LSB,0.58,PARCIAL,N/A,NAO,25,0,0
71,15547-26-0T8LSB_456900676_14_alt.pdf,03_RESULTADOS\04_DOCUMENTOS_CITIUS_E_PECAS\ARQUIVO_OFICIAL_TRIBUNAL\PROC_15547_REIVINDICACAO\15547-26-0T8LSB_456900676_14_alt.pdf,117da694baa71c681024de4fa9a3901cce7528472da0f6a247166ceb0c78c7e0,115.04,15547/26.0T8LSB,0.58,PARCIAL,N/A,NAO,25,0,0
72,15547-26-0T8LSB_456900676_4.pdf,03_RESULTADOS\04_DOCUMENTOS_CITIUS_E_PECAS\ARQUIVO_OFICIAL_TRIBUNAL\PROC_15547_REIVINDICACAO\15547-26-0T8LSB_456900676_4.pdf,e97024b25dadb188e9e6a16f47a292bb50cc35a077515f091ab4997c2b62e557,3782.01,15547/26.0T8LSB,0.58,PARCIAL,N/A,NAO,15,0,0
73,15547-26-0T8LSB_456900676_4_alt.pdf,03_RESULTADOS\04_DOCUMENTOS_CITIUS_E_PECAS\ARQUIVO_OFICIAL_TRIBUNAL\PROC_15547_REIVINDICACAO\15547-26-0T8LSB_456900676_4_alt.pdf,e97024b25dadb188e9e6a16f47a292bb50cc35a077515f091ab4997c2b62e557,3782.01,15547/26.0T8LSB,0.58,PARCIAL,N/A,NAO,15,0,0
74,15547-26-0T8LSB_456900676_5.pdf,03_RESULTADOS\04_DOCUMENTOS_CITIUS_E_PECAS\ARQUIVO_OFICIAL_TRIBUNAL\PROC_15547_REIVINDICACAO\15547-26-0T8LSB_456900676_5.pdf,8dc618ed7e2426085e11d52e549f001af1a99cc60aaa7a177d90417659507238,619.0,15547/26.0T8LSB,0.58,PARCIAL,N/A,NAO,5,0,0
75,15547-26-0T8LSB_456900676_5_alt.pdf,03_RESULTADOS\04_DOCUMENTOS_CITIUS_E_PECAS\ARQUIVO_OFICIAL_TRIBUNAL\PROC_15547_REIVINDICACAO\15547-26-0T8LSB_456900676_5_alt.pdf,8dc618ed7e2426085e11d52e549f001af1a99cc60aaa7a177d90417659507238,619.0,15547/26.0T8LSB,0.58,PARCIAL,N/A,NAO,5,0,0
76,15547-26-0T8LSB_456900676_7.pdf,03_RESULTADOS\04_DOCUMENTOS_CITIUS_E_PECAS\ARQUIVO_OFICIAL_TRIBUNAL\PROC_15547_REIVINDICACAO\15547-26-0T8LSB_456900676_7.pdf,2d2fc09f23b197c0610bf49f00df08f0461088b4b7c07d8d8265061f257cd354,2934.7,15547/26.0T8LSB,0.58,PARCIAL,N/A,NAO,13,0,0
77,15547-26-0T8LSB_456900676_7_alt.pdf,03_RESULTADOS\04_DOCUMENTOS_CITIUS_E_PECAS\ARQUIVO_OFICIAL_TRIBUNAL\PROC_15547_REIVINDICACAO\15547-26-0T8LSB_456900676_7_alt.pdf,2d2fc09f23b197c0610bf49f00df08f0461088b4b7c07d8d8265061f257cd354,2934.7,15547/26.0T8LSB,0.58,PARCIAL,N/A,NAO,13,0,0
78,15547-26-0T8LSB_456900676_8.pdf,03_RESULTADOS\04_DOCUMENTOS_CITIUS_E_PECAS\ARQUIVO_OFICIAL_TRIBUNAL\PROC_15547_REIVINDICACAO\15547-26-0T8LSB_456900676_8.pdf,376a5c6f6c3076bf2362f87abf95d7d3cdbb830a5a31aa2123816bfa6521ba3d,6926.28,15547/26.0T8LSB,0.58,PARCIAL,N/A,NAO,19,0,0
79,15547-26-0T8LSB_456900676_8_alt.pdf,03_RESULTADOS\04_DOCUMENTOS_CITIUS_E_PECAS\ARQUIVO_OFICIAL_TRIBUNAL\PROC_15547_REIVINDICACAO\15547-26-0T8LSB_456900676_8_alt.pdf,376a5c6f6c3076bf2362f87abf95d7d3cdbb830a5a31aa2123816bfa6521ba3d,6926.28,15547/26.0T8LSB,0.58,PARCIAL,N/A,NAO,19,0,0
80,15547-26-0T8LSB_456900676_9.pdf,03_RESULTADOS\04_DOCUMENTOS_CITIUS_E_PECAS\ARQUIVO_OFICIAL_TRIBUNAL\PROC_15547_REIVINDICACAO\15547-26-0T8LSB_456900676_9.pdf,5d15f00f3d03361c492d2d9af51de1c74fb43e1b497116ed53bae5b5d2e4e548,2282.32,15547/26.0T8LSB,0.58,PARCIAL,N/A,NAO,13,0,0
81,15547-26-0T8LSB_456900676_9_alt.pdf,03_RESULTADOS\04_DOCUMENTOS_CITIUS_E_PECAS\ARQUIVO_OFICIAL_TRIBUNAL\PROC_15547_REIVINDICACAO\15547-26-0T8LSB_456900676_9_alt.pdf,5d15f00f3d03361c492d2d9af51de1c74fb43e1b497116ed53bae5b5d2e4e548,2282.32,15547/26.0T8LSB,0.58,PARCIAL,N/A,NAO,13,0,0
82,15547_26_0T8LSB_456900676_CITACAO.pdf,03_RESULTADOS\04_DOCUMENTOS_CITIUS_E_PECAS\ARQUIVO_OFICIAL_TRIBUNAL\PROC_15547_REIVINDICACAO\15547_26_0T8LSB_456900676_CITACAO.pdf,c101eae0becc5dca77b59a00cf37cd6fda2c5000722ee55fd20208e97a19484e,138.76,15547/26.0T8LSB,1.0,DOCUMENTADO,N/A,NAO,22,0,0
83,15547_26_0T8LSB_456900676_CITA_alt.pdf,03_RESULTADOS\04_DOCUMENTOS_CITIUS_E_PECAS\ARQUIVO_OFICIAL_TRIBUNAL\PROC_15547_REIVINDICACAO\15547_26_0T8LSB_456900676_CITA_alt.pdf,c101eae0becc5dca77b59a00cf37cd6fda2c5000722ee55fd20208e97a19484e,138.76,15547/26.0T8LSB,1.0,DOCUMENTADO,N/A,NAO,22,0,0
84,15547_26_0T8LSB_REF_SEMREF_CITACAO.pdf,03_RESULTADOS\04_DOCUMENTOS_CITIUS_E_PECAS\ARQUIVO_OFICIAL_TRIBUNAL\PROC_15547_REIVINDICACAO\15547_26_0T8LSB_REF_SEMREF_CITACAO.pdf,aa3060b801d766a6748eb402b0e1b87d6ec0e18ba17bfed228fb0da42f3d4f26,9.59,15547/26.0T8LSB,1.0,DOCUMENTADO,N/A,NAO,3,0,0
85,15547_26_0T8LSB_REF_SEMREF_CIT_alt.pdf,03_RESULTADOS\04_DOCUMENTOS_CITIUS_E_PECAS\ARQUIVO_OFICIAL_TRIBUNAL\PROC_15547_REIVINDICACAO\15547_26_0T8LSB_REF_SEMREF_CIT_alt.pdf,aa3060b801d766a6748eb402b0e1b87d6ec0e18ba17bfed228fb0da42f3d4f26,9.59,15547/26.0T8LSB,1.0,DOCUMENTADO,N/A,NAO,3,0,0
86,17032023_VARELA_SENTAC_AO.pdf,03_RESULTADOS\04_DOCUMENTOS_CITIUS_E_PECAS\ARQUIVO_OFICIAL_TRIBUNAL\PROC_23142_EXECUCAO_TRL\17032023_VARELA_SENTAC_AO.pdf,acced105af9654a9adf9a0b6ef38034718f4390131a0d8ff5f223378a83bf900,82.98,23142/22.7T8LSB,1.0,DOCUMENTADO,N/A,NAO,15,0,0
87,17032023_VARELA_SENTAC_AO_alt.pdf,03_RESULTADOS\04_DOCUMENTOS_CITIUS_E_PECAS\ARQUIVO_OFICIAL_TRIBUNAL\PROC_23142_EXECUCAO_TRL\17032023_VARELA_SENTAC_AO_alt.pdf,acced105af9654a9adf9a0b6ef38034718f4390131a0d8ff5f223378a83bf900,82.98,23142/22.7T8LSB,1.0,DOCUMENTADO,N/A,NAO,15,0,0
88,20221012_20221012_23142227T8LSB_REQUERIMENTO_EXECUTIVO_v03.pdf,03_RESULTADOS\04_DOCUMENTOS_CITIUS_E_PECAS\ARQUIVO_OFICIAL_TRIBUNAL\PROC_23142_EXECUCAO_TRL\20221012_20221012_23142227T8LSB_REQUERIMENTO_EXECUTIVO_v03.pdf,848aea972e74204793dc138602fd94d7b809c46a2847878d3363fb005b0b0e21,27.15,N/A,0.0,NAO_INDICIADO,N/A,NAO,9,0,0
89,20221012_20221012_23142227T8LS_alt.pdf,03_RESULTADOS\04_DOCUMENTOS_CITIUS_E_PECAS\ARQUIVO_OFICIAL_TRIBUNAL\PROC_23142_EXECUCAO_TRL\20221012_20221012_23142227T8LS_alt.pdf,848aea972e74204793dc138602fd94d7b809c46a2847878d3363fb005b0b0e21,27.15,N/A,0.0,NAO_INDICIADO,N/A,NAO,9,0,0
90,2023-10-16_23142-22_7T8LSB_DESPACHO.pdf,03_RESULTADOS\04_DOCUMENTOS_CITIUS_E_PECAS\ARQUIVO_OFICIAL_TRIBUNAL\PROC_23142_EXECUCAO_TRL\2023-10-16_23142-22_7T8LSB_DESPACHO.pdf,eb28880e96f077366198ed250773270c16b7ef4641e74d1293732a1c480662dc,178.31,23142/22.7T8LSB,0.58,PARCIAL,N/A,NAO,15,0,0
91,2023-10-16_23142-22_7T8LSB_DES_alt.pdf,03_RESULTADOS\04_DOCUMENTOS_CITIUS_E_PECAS\ARQUIVO_OFICIAL_TRIBUNAL\PROC_23142_EXECUCAO_TRL\2023-10-16_23142-22_7T8LSB_DES_alt.pdf,eb28880e96f077366198ed250773270c16b7ef4641e74d1293732a1c480662dc,178.31,23142/22.7T8LSB,0.58,PARCIAL,N/A,NAO,15,0,0
92,2025-06-26_-_Termo_-_218642000_-_23142_22_7T8LSB.pdf,03_RESULTADOS\04_DOCUMENTOS_CITIUS_E_PECAS\ARQUIVO_OFICIAL_TRIBUNAL\PROC_23142_EXECUCAO_TRL\2025-06-26_-_Termo_-_218642000_-_23142_22_7T8LSB.pdf,79ca824f3b7a85df2b11b9465c4c20d7b707bf5ab1a56d92963bb1c4ce82ed20,81.51,23142/22.7T8LSB,1.0,DOCUMENTADO,N/A,NAO,15,0,0
93,2025-06-26_-_Termo_-_218642000_alt.pdf,03_RESULTADOS\04_DOCUMENTOS_CITIUS_E_PECAS\ARQUIVO_OFICIAL_TRIBUNAL\PROC_23142_EXECUCAO_TRL\2025-06-26_-_Termo_-_218642000_alt.pdf,79ca824f3b7a85df2b11b9465c4c20d7b707bf5ab1a56d92963bb1c4ce82ed20,81.51,23142/22.7T8LSB,1.0,DOCUMENTADO,N/A,NAO,15,0,0
94,2026-05-19_R455899454_NOT_BAIXA_AUTOS_VARELA_DE_MATOS_HDCFB7D2C57EF.pdf,03_RESULTADOS\04_DOCUMENTOS_CITIUS_E_PECAS\ARQUIVO_OFICIAL_TRIBUNAL\PROC_23142_EXECUCAO_TRL\2026-05-19_R455899454_NOT_BAIXA_AUTOS_VARELA_DE_MATOS_HDCFB7D2C57EF.pdf,dcfb7d2c57ef4406a557033f02d03d30e20309f3fb4bffd19f8a2588546777b8,107.67,23142/22.7T8LSB,1.0,DOCUMENTADO,N/A,NAO,18,0,0
95,2026-05-19_R455899454_NOT_BAIX_alt.pdf,03_RESULTADOS\04_DOCUMENTOS_CITIUS_E_PECAS\ARQUIVO_OFICIAL_TRIBUNAL\PROC_23142_EXECUCAO_TRL\2026-05-19_R455899454_NOT_BAIX_alt.pdf,dcfb7d2c57ef4406a557033f02d03d30e20309f3fb4bffd19f8a2588546777b8,107.67,23142/22.7T8LSB,1.0,DOCUMENTADO,N/A,NAO,18,0,0
96,2026-06-01_R46497693_NOT_CONTA_FINAL_AE_VARELA_DE_MATOS_H229B2B9A10F9.pdf,03_RESULTADOS\04_DOCUMENTOS_CITIUS_E_PECAS\ARQUIVO_OFICIAL_TRIBUNAL\PROC_23142_EXECUCAO_TRL\2026-06-01_R46497693_NOT_CONTA_FINAL_AE_VARELA_DE_MATOS_H229B2B9A10F9.pdf,229b2b9a10f90578f83046b9bc482e99299fc9c155b33912ba40dd41685a090c,31.82,N/A,0.0,NAO_INDICIADO,N/A,NAO,10,0,0
97,2026-06-01_R46497693_NOT_CONTA_alt.pdf,03_RESULTADOS\04_DOCUMENTOS_CITIUS_E_PECAS\ARQUIVO_OFICIAL_TRIBUNAL\PROC_23142_EXECUCAO_TRL\2026-06-01_R46497693_NOT_CONTA_alt.pdf,229b2b9a10f90578f83046b9bc482e99299fc9c155b33912ba40dd41685a090c,31.82,N/A,0.0,NAO_INDICIADO,N/A,NAO,10,0,0
98,2026-08-18_PECA_JUDICIAL_OUTPUT_DOCUMENTOS_CITIUS_PECA_JUDICIAL_15547_26_0T8LSB_20260818_150504.pdf,03_RESULTADOS\04_DOCUMENTOS_CITIUS_E_PECAS\ARQUIVO_OFICIAL_TRIBUNAL\PROC_15547_REIVINDICACAO\2026-08-18_PECA_JUDICIAL_OUTPUT_DOCUMENTOS_CITIUS_PECA_JUDICIAL_15547_26_0T8LSB_20260818_150504.pdf,b7c0a4a4b1762bedfd6a6b2f61b6f8eda6c7830239ca2c0d5606c428cecb6556,114.16,15547/26.0T8LSB,0.58,PARCIAL,N/A,NAO,12,0,0
99,2026-08-18_PROC_15547-26.0T8LSB_PECA_JUDICIAL_OUTPUT_DOCUMENTOS_CITIUS_PECA_JUDICIAL_15547_26_0T8LSB_20260818_150504.pdf,03_RESULTADOS\04_DOCUMENTOS_CITIUS_E_PECAS\ARQUIVO_OFICIAL_TRIBUNAL\PROC_15547_REIVINDICACAO\2026-08-18_PROC_15547-26.0T8LSB_PECA_JUDICIAL_OUTPUT_DOCUMENTOS_CITIUS_PECA_JUDICIAL_15547_26_0T8LSB_20260818_150504.pdf,b7c0a4a4b1762bedfd6a6b2f61b6f8eda6c7830239ca2c0d5606c428cecb6556,114.16,15547/26.0T8LSB,0.98,DOCUMENTADO,N/A,NAO,12,0,0
100,2026-08-20_DOCUMENTO_GERAL_15547-26-0T8LSB_456900676_10.pdf,03_RESULTADOS\04_DOCUMENTOS_CITIUS_E_PECAS\ARQUIVO_OFICIAL_TRIBUNAL\PROC_15547_REIVINDICACAO\2026-08-20_DOCUMENTO_GERAL_15547-26-0T8LSB_456900676_10.pdf,623796fd72e45466fe144e424987982d560e45897083429228dfbeb3b62623ff,93.11,15547/26.0T8LSB,0.58,PARCIAL,N/A,NAO,5,0,0
101,2026-08-20_DOCUMENTO_GERAL_15547-26-0T8LSB_456900676_10_alt.pdf,03_RESULTADOS\04_DOCUMENTOS_CITIUS_E_PECAS\ARQUIVO_OFICIAL_TRIBUNAL\PROC_15547_REIVINDICACAO\2026-08-20_DOCUMENTO_GERAL_15547-26-0T8LSB_456900676_10_alt.pdf,623796fd72e45466fe144e424987982d560e45897083429228dfbeb3b62623ff,93.11,15547/26.0T8LSB,0.58,PARCIAL,N/A,NAO,5,0,0
102,2026-08-20_DOCUMENTO_GERAL_15547-26-0T8LSB_456900676_11.pdf,03_RESULTADOS\04_DOCUMENTOS_CITIUS_E_PECAS\ARQUIVO_OFICIAL_TRIBUNAL\PROC_15547_REIVINDICACAO\2026-08-20_DOCUMENTO_GERAL_15547-26-0T8LSB_456900676_11.pdf,37c045ae3ee9cd67a3553c8daa76f122fa3e5bf6d3f1e993e06e59116a880d16,107.44,15547/26.0T8LSB,0.58,PARCIAL,N/A,NAO,5,0,0
103,2026-08-20_DOCUMENTO_GERAL_15547-26-0T8LSB_456900676_11_alt.pdf,03_RESULTADOS\04_DOCUMENTOS_CITIUS_E_PECAS\ARQUIVO_OFICIAL_TRIBUNAL\PROC_15547_REIVINDICACAO\2026-08-20_DOCUMENTO_GERAL_15547-26-0T8LSB_456900676_11_alt.pdf,37c045ae3ee9cd67a3553c8daa76f122fa3e5bf6d3f1e993e06e59116a880d16,107.44,15547/26.0T8LSB,0.58,PARCIAL,N/A,NAO,5,0,0
104,2026-08-20_DOCUMENTO_GERAL_15547-26-0T8LSB_456900676_14.pdf,03_RESULTADOS\04_DOCUMENTOS_CITIUS_E_PECAS\ARQUIVO_OFICIAL_TRIBUNAL\PROC_15547_REIVINDICACAO\2026-08-20_DOCUMENTO_GERAL_15547-26-0T8LSB_456900676_14.pdf,117da694baa71c681024de4fa9a3901cce7528472da0f6a247166ceb0c78c7e0,115.04,15547/26.0T8LSB,0.58,PARCIAL,N/A,NAO,25,0,0
105,2026-08-20_DOCUMENTO_GERAL_15547-26-0T8LSB_456900676_14_alt.pdf,03_RESULTADOS\04_DOCUMENTOS_CITIUS_E_PECAS\ARQUIVO_OFICIAL_TRIBUNAL\PROC_15547_REIVINDICACAO\2026-08-20_DOCUMENTO_GERAL_15547-26-0T8LSB_456900676_14_alt.pdf,117da694baa71c681024de4fa9a3901cce7528472da0f6a247166ceb0c78c7e0,115.04,15547/26.0T8LSB,0.58,PARCIAL,N/A,NAO,25,0,0
106,2026-08-20_DOCUMENTO_GERAL_15547-26-0T8LSB_456900676_4.pdf,03_RESULTADOS\04_DOCUMENTOS_CITIUS_E_PECAS\ARQUIVO_OFICIAL_TRIBUNAL\PROC_15547_REIVINDICACAO\2026-08-20_DOCUMENTO_GERAL_15547-26-0T8LSB_456900676_4.pdf,e97024b25dadb188e9e6a16f47a292bb50cc35a077515f091ab4997c2b62e557,3782.01,15547/26.0T8LSB,0.58,PARCIAL,N/A,NAO,15,0,0
107,2026-08-20_DOCUMENTO_GERAL_15547-26-0T8LSB_456900676_4_alt.pdf,03_RESULTADOS\04_DOCUMENTOS_CITIUS_E_PECAS\ARQUIVO_OFICIAL_TRIBUNAL\PROC_15547_REIVINDICACAO\2026-08-20_DOCUMENTO_GERAL_15547-26-0T8LSB_456900676_4_alt.pdf,e97024b25dadb188e9e6a16f47a292bb50cc35a077515f091ab4997c2b62e557,3782.01,15547/26.0T8LSB,0.58,PARCIAL,N/A,NAO,15,0,0
108,2026-08-20_DOCUMENTO_GERAL_15547-26-0T8LSB_456900676_5.pdf,03_RESULTADOS\04_DOCUMENTOS_CITIUS_E_PECAS\ARQUIVO_OFICIAL_TRIBUNAL\PROC_15547_REIVINDICACAO\2026-08-20_DOCUMENTO_GERAL_15547-26-0T8LSB_456900676_5.pdf,8dc618ed7e2426085e11d52e549f001af1a99cc60aaa7a177d90417659507238,619.0,15547/26.0T8LSB,0.58,PARCIAL,N/A,NAO,5,0,0
109,2026-08-20_DOCUMENTO_GERAL_15547-26-0T8LSB_456900676_5_alt.pdf,03_RESULTADOS\04_DOCUMENTOS_CITIUS_E_PECAS\ARQUIVO_OFICIAL_TRIBUNAL\PROC_15547_REIVINDICACAO\2026-08-20_DOCUMENTO_GERAL_15547-26-0T8LSB_456900676_5_alt.pdf,8dc618ed7e2426085e11d52e549f001af1a99cc60aaa7a177d90417659507238,619.0,15547/26.0T8LSB,0.58,PARCIAL,N/A,NAO,5,0,0
110,2026-08-20_DOCUMENTO_GERAL_15547-26-0T8LSB_456900676_7.pdf,03_RESULTADOS\04_DOCUMENTOS_CITIUS_E_PECAS\ARQUIVO_OFICIAL_TRIBUNAL\PROC_15547_REIVINDICACAO\2026-08-20_DOCUMENTO_GERAL_15547-26-0T8LSB_456900676_7.pdf,2d2fc09f23b197c0610bf49f00df08f0461088b4b7c07d8d8265061f257cd354,2934.7,15547/26.0T8LSB,0.58,PARCIAL,N/A,NAO,13,0,0
111,2026-08-20_DOCUMENTO_GERAL_15547-26-0T8LSB_456900676_7_alt.pdf,03_RESULTADOS\04_DOCUMENTOS_CITIUS_E_PECAS\ARQUIVO_OFICIAL_TRIBUNAL\PROC_15547_REIVINDICACAO\2026-08-20_DOCUMENTO_GERAL_15547-26-0T8LSB_456900676_7_alt.pdf,2d2fc09f23b197c0610bf49f00df08f0461088b4b7c07d8d8265061f257cd354,2934.7,15547/26.0T8LSB,0.58,PARCIAL,N/A,NAO,13,0,0
112,2026-08-20_DOCUMENTO_GERAL_15547-26-0T8LSB_456900676_8.pdf,03_RESULTADOS\04_DOCUMENTOS_CITIUS_E_PECAS\ARQUIVO_OFICIAL_TRIBUNAL\PROC_15547_REIVINDICACAO\2026-08-20_DOCUMENTO_GERAL_15547-26-0T8LSB_456900676_8.pdf,376a5c6f6c3076bf2362f87abf95d7d3cdbb830a5a31aa2123816bfa6521ba3d,6926.28,15547/26.0T8LSB,0.58,PARCIAL,N/A,NAO,19,0,0
113,2026-08-20_DOCUMENTO_GERAL_15547-26-0T8LSB_456900676_8_alt.pdf,03_RESULTADOS\04_DOCUMENTOS_CITIUS_E_PECAS\ARQUIVO_OFICIAL_TRIBUNAL\PROC_15547_REIVINDICACAO\2026-08-20_DOCUMENTO_GERAL_15547-26-0T8LSB_456900676_8_alt.pdf,376a5c6f6c3076bf2362f87abf95d7d3cdbb830a5a31aa2123816bfa6521ba3d,6926.28,15547/26.0T8LSB,0.58,PARCIAL,N/A,NAO,19,0,0
114,2026-08-20_DOCUMENTO_GERAL_15547-26-0T8LSB_456900676_9.pdf,03_RESULTADOS\04_DOCUMENTOS_CITIUS_E_PECAS\ARQUIVO_OFICIAL_TRIBUNAL\PROC_15547_REIVINDICACAO\2026-08-20_DOCUMENTO_GERAL_15547-26-0T8LSB_456900676_9.pdf,5d15f00f3d03361c492d2d9af51de1c74fb43e1b497116ed53bae5b5d2e4e548,2282.32,15547/26.0T8LSB,0.58,PARCIAL,N/A,NAO,13,0,0
115,2026-08-20_DOCUMENTO_GERAL_15547-26-0T8LSB_456900676_9_alt.pdf,03_RESULTADOS\04_DOCUMENTOS_CITIUS_E_PECAS\ARQUIVO_OFICIAL_TRIBUNAL\PROC_15547_REIVINDICACAO\2026-08-20_DOCUMENTO_GERAL_15547-26-0T8LSB_456900676_9_alt.pdf,5d15f00f3d03361c492d2d9af51de1c74fb43e1b497116ed53bae5b5d2e4e548,2282.32,15547/26.0T8LSB,0.58,PARCIAL,N/A,NAO,13,0,0
116,2026-08-20_DOCUMENTO_GERAL_15547_26_0T8LSB_456900676_CITA_alt.pdf,03_RESULTADOS\04_DOCUMENTOS_CITIUS_E_PECAS\ARQUIVO_OFICIAL_TRIBUNAL\PROC_15547_REIVINDICACAO\2026-08-20_DOCUMENTO_GERAL_15547_26_0T8LSB_456900676_CITA_alt.pdf,c101eae0becc5dca77b59a00cf37cd6fda2c5000722ee55fd20208e97a19484e,138.76,15547/26.0T8LSB,1.0,DOCUMENTADO,N/A,NAO,22,0,0
117,2026-08-20_DOCUMENTO_GERAL_15547_26_0T8LSB_REF_SEMREF_CIT_alt.pdf,03_RESULTADOS\04_DOCUMENTOS_CITIUS_E_PECAS\ARQUIVO_OFICIAL_TRIBUNAL\PROC_15547_REIVINDICACAO\2026-08-20_DOCUMENTO_GERAL_15547_26_0T8LSB_REF_SEMREF_CIT_alt.pdf,aa3060b801d766a6748eb402b0e1b87d6ec0e18ba17bfed228fb0da42f3d4f26,9.59,15547/26.0T8LSB,1.0,DOCUMENTADO,N/A,NAO,3,0,0
118,2026-08-20_PECA_JUDICIAL_15547_26_0T8LSB_456900676_CITACAO.pdf,03_RESULTADOS\04_DOCUMENTOS_CITIUS_E_PECAS\ARQUIVO_OFICIAL_TRIBUNAL\PROC_15547_REIVINDICACAO\2026-08-20_PECA_JUDICIAL_15547_26_0T8LSB_456900676_CITACAO.pdf,c101eae0becc5dca77b59a00cf37cd6fda2c5000722ee55fd20208e97a19484e,138.76,15547/26.0T8LSB,1.0,DOCUMENTADO,N/A,NAO,22,0,0
119,2026-08-20_PECA_JUDICIAL_15547_26_0T8LSB_REF_SEMREF_CITACAO.pdf,03_RESULTADOS\04_DOCUMENTOS_CITIUS_E_PECAS\ARQUIVO_OFICIAL_TRIBUNAL\PROC_15547_REIVINDICACAO\2026-08-20_PECA_JUDICIAL_15547_26_0T8LSB_REF_SEMREF_CITACAO.pdf,aa3060b801d766a6748eb402b0e1b87d6ec0e18ba17bfed228fb0da42f3d4f26,9.59,15547/26.0T8LSB,1.0,DOCUMENTADO,N/A,NAO,3,0,0
120,2026-08-20_PROC_15547-26.0T8LSB_DOCUMENTO_GERAL_15547-26-0T8LSB_456900676_10.pdf,03_RESULTADOS\04_DOCUMENTOS_CITIUS_E_PECAS\ARQUIVO_OFICIAL_TRIBUNAL\PROC_15547_REIVINDICACAO\2026-08-20_PROC_15547-26.0T8LSB_DOCUMENTO_GERAL_15547-26-0T8LSB_456900676_10.pdf,623796fd72e45466fe144e424987982d560e45897083429228dfbeb3b62623ff,93.11,15547/26.0T8LSB,0.98,DOCUMENTADO,N/A,NAO,5,0,0
121,2026-08-20_PROC_15547-26.0T8LSB_DOCUMENTO_GERAL_15547-26-0T8LSB_456900676_10_alt.pdf,03_RESULTADOS\04_DOCUMENTOS_CITIUS_E_PECAS\ARQUIVO_OFICIAL_TRIBUNAL\PROC_15547_REIVINDICACAO\2026-08-20_PROC_15547-26.0T8LSB_DOCUMENTO_GERAL_15547-26-0T8LSB_456900676_10_alt.pdf,623796fd72e45466fe144e424987982d560e45897083429228dfbeb3b62623ff,93.11,15547/26.0T8LSB,0.98,DOCUMENTADO,N/A,NAO,5,0,0
122,2026-08-20_PROC_15547-26.0T8LSB_DOCUMENTO_GERAL_15547-26-0T8LSB_456900676_11.pdf,03_RESULTADOS\04_DOCUMENTOS_CITIUS_E_PECAS\ARQUIVO_OFICIAL_TRIBUNAL\PROC_15547_REIVINDICACAO\2026-08-20_PROC_15547-26.0T8LSB_DOCUMENTO_GERAL_15547-26-0T8LSB_456900676_11.pdf,37c045ae3ee9cd67a3553c8daa76f122fa3e5bf6d3f1e993e06e59116a880d16,107.44,15547/26.0T8LSB,0.98,DOCUMENTADO,N/A,NAO,5,0,0
123,2026-08-20_PROC_15547-26.0T8LSB_DOCUMENTO_GERAL_15547-26-0T8LSB_456900676_11_alt.pdf,03_RESULTADOS\04_DOCUMENTOS_CITIUS_E_PECAS\ARQUIVO_OFICIAL_TRIBUNAL\PROC_15547_REIVINDICACAO\2026-08-20_PROC_15547-26.0T8LSB_DOCUMENTO_GERAL_15547-26-0T8LSB_456900676_11_alt.pdf,37c045ae3ee9cd67a3553c8daa76f122fa3e5bf6d3f1e993e06e59116a880d16,107.44,15547/26.0T8LSB,0.98,DOCUMENTADO,N/A,NAO,5,0,0
124,2026-08-20_PROC_15547-26.0T8LSB_DOCUMENTO_GERAL_15547-26-0T8LSB_456900676_14.pdf,03_RESULTADOS\04_DOCUMENTOS_CITIUS_E_PECAS\ARQUIVO_OFICIAL_TRIBUNAL\PROC_15547_REIVINDICACAO\2026-08-20_PROC_15547-26.0T8LSB_DOCUMENTO_GERAL_15547-26-0T8LSB_456900676_14.pdf,117da694baa71c681024de4fa9a3901cce7528472da0f6a247166ceb0c78c7e0,115.04,15547/26.0T8LSB,0.98,DOCUMENTADO,N/A,NAO,25,0,0
125,2026-08-20_PROC_15547-26.0T8LSB_DOCUMENTO_GERAL_15547-26-0T8LSB_456900676_14_alt.pdf,03_RESULTADOS\04_DOCUMENTOS_CITIUS_E_PECAS\ARQUIVO_OFICIAL_TRIBUNAL\PROC_15547_REIVINDICACAO\2026-08-20_PROC_15547-26.0T8LSB_DOCUMENTO_GERAL_15547-26-0T8LSB_456900676_14_alt.pdf,117da694baa71c681024de4fa9a3901cce7528472da0f6a247166ceb0c78c7e0,115.04,15547/26.0T8LSB,0.98,DOCUMENTADO,N/A,NAO,25,0,0
126,2026-08-20_PROC_15547-26.0T8LSB_DOCUMENTO_GERAL_15547-26-0T8LSB_456900676_4.pdf,03_RESULTADOS\04_DOCUMENTOS_CITIUS_E_PECAS\ARQUIVO_OFICIAL_TRIBUNAL\PROC_15547_REIVINDICACAO\2026-08-20_PROC_15547-26.0T8LSB_DOCUMENTO_GERAL_15547-26-0T8LSB_456900676_4.pdf,e97024b25dadb188e9e6a16f47a292bb50cc35a077515f091ab4997c2b62e557,3782.01,15547/26.0T8LSB,0.98,DOCUMENTADO,N/A,NAO,15,0,0
127,2026-08-20_PROC_15547-26.0T8LSB_DOCUMENTO_GERAL_15547-26-0T8LSB_456900676_4_alt.pdf,03_RESULTADOS\04_DOCUMENTOS_CITIUS_E_PECAS\ARQUIVO_OFICIAL_TRIBUNAL\PROC_15547_REIVINDICACAO\2026-08-20_PROC_15547-26.0T8LSB_DOCUMENTO_GERAL_15547-26-0T8LSB_456900676_4_alt.pdf,e97024b25dadb188e9e6a16f47a292bb50cc35a077515f091ab4997c2b62e557,3782.01,15547/26.0T8LSB,0.98,DOCUMENTADO,N/A,NAO,15,0,0
128,2026-08-20_PROC_15547-26.0T8LSB_DOCUMENTO_GERAL_15547-26-0T8LSB_456900676_5.pdf,03_RESULTADOS\04_DOCUMENTOS_CITIUS_E_PECAS\ARQUIVO_OFICIAL_TRIBUNAL\PROC_15547_REIVINDICACAO\2026-08-20_PROC_15547-26.0T8LSB_DOCUMENTO_GERAL_15547-26-0T8LSB_456900676_5.pdf,8dc618ed7e2426085e11d52e549f001af1a99cc60aaa7a177d90417659507238,619.0,15547/26.0T8LSB,0.98,DOCUMENTADO,N/A,NAO,5,0,0
129,2026-08-20_PROC_15547-26.0T8LSB_DOCUMENTO_GERAL_15547-26-0T8LSB_456900676_5_alt.pdf,03_RESULTADOS\04_DOCUMENTOS_CITIUS_E_PECAS\ARQUIVO_OFICIAL_TRIBUNAL\PROC_15547_REIVINDICACAO\2026-08-20_PROC_15547-26.0T8LSB_DOCUMENTO_GERAL_15547-26-0T8LSB_456900676_5_alt.pdf,8dc618ed7e2426085e11d52e549f001af1a99cc60aaa7a177d90417659507238,619.0,15547/26.0T8LSB,0.98,DOCUMENTADO,N/A,NAO,5,0,0
130,2026-08-20_PROC_15547-26.0T8LSB_DOCUMENTO_GERAL_15547-26-0T8LSB_456900676_7.pdf,03_RESULTADOS\04_DOCUMENTOS_CITIUS_E_PECAS\ARQUIVO_OFICIAL_TRIBUNAL\PROC_15547_REIVINDICACAO\2026-08-20_PROC_15547-26.0T8LSB_DOCUMENTO_GERAL_15547-26-0T8LSB_456900676_7.pdf,2d2fc09f23b197c0610bf49f00df08f0461088b4b7c07d8d8265061f257cd354,2934.7,15547/26.0T8LSB,0.98,DOCUMENTADO,N/A,NAO,13,0,0
131,2026-08-20_PROC_15547-26.0T8LSB_DOCUMENTO_GERAL_15547-26-0T8LSB_456900676_7_alt.pdf,03_RESULTADOS\04_DOCUMENTOS_CITIUS_E_PECAS\ARQUIVO_OFICIAL_TRIBUNAL\PROC_15547_REIVINDICACAO\2026-08-20_PROC_15547-26.0T8LSB_DOCUMENTO_GERAL_15547-26-0T8LSB_456900676_7_alt.pdf,2d2fc09f23b197c0610bf49f00df08f0461088b4b7c07d8d8265061f257cd354,2934.7,15547/26.0T8LSB,0.98,DOCUMENTADO,N/A,NAO,13,0,0
132,2026-08-20_PROC_15547-26.0T8LSB_DOCUMENTO_GERAL_15547-26-0T8LSB_456900676_8.pdf,03_RESULTADOS\04_DOCUMENTOS_CITIUS_E_PECAS\ARQUIVO_OFICIAL_TRIBUNAL\PROC_15547_REIVINDICACAO\2026-08-20_PROC_15547-26.0T8LSB_DOCUMENTO_GERAL_15547-26-0T8LSB_456900676_8.pdf,376a5c6f6c3076bf2362f87abf95d7d3cdbb830a5a31aa2123816bfa6521ba3d,6926.28,15547/26.0T8LSB,0.98,DOCUMENTADO,N/A,NAO,19,0,0
133,2026-08-20_PROC_15547-26.0T8LSB_DOCUMENTO_GERAL_15547-26-0T8LSB_456900676_8_alt.pdf,03_RESULTADOS\04_DOCUMENTOS_CITIUS_E_PECAS\ARQUIVO_OFICIAL_TRIBUNAL\PROC_15547_REIVINDICACAO\2026-08-20_PROC_15547-26.0T8LSB_DOCUMENTO_GERAL_15547-26-0T8LSB_456900676_8_alt.pdf,376a5c6f6c3076bf2362f87abf95d7d3cdbb830a5a31aa2123816bfa6521ba3d,6926.28,15547/26.0T8LSB,0.98,DOCUMENTADO,N/A,NAO,19,0,0
134,2026-08-20_PROC_15547-26.0T8LSB_DOCUMENTO_GERAL_15547-26-0T8LSB_456900676_9.pdf,03_RESULTADOS\04_DOCUMENTOS_CITIUS_E_PECAS\ARQUIVO_OFICIAL_TRIBUNAL\PROC_15547_REIVINDICACAO\2026-08-20_PROC_15547-26.0T8LSB_DOCUMENTO_GERAL_15547-26-0T8LSB_456900676_9.pdf,5d15f00f3d03361c492d2d9af51de1c74fb43e1b497116ed53bae5b5d2e4e548,2282.32,15547/26.0T8LSB,0.98,DOCUMENTADO,N/A,NAO,13,0,0
135,2026-08-20_PROC_15547-26.0T8LSB_DOCUMENTO_GERAL_15547-26-0T8LSB_456900676_9_alt.pdf,03_RESULTADOS\04_DOCUMENTOS_CITIUS_E_PECAS\ARQUIVO_OFICIAL_TRIBUNAL\PROC_15547_REIVINDICACAO\2026-08-20_PROC_15547-26.0T8LSB_DOCUMENTO_GERAL_15547-26-0T8LSB_456900676_9_alt.pdf,5d15f00f3d03361c492d2d9af51de1c74fb43e1b497116ed53bae5b5d2e4e548,2282.32,15547/26.0T8LSB,0.98,DOCUMENTADO,N/A,NAO,13,0,0
136,2026-08-20_PROC_15547-26.0T8LSB_DOCUMENTO_GERAL_15547_26_0T8LSB_456900676_CITA_alt.pdf,03_RESULTADOS\04_DOCUMENTOS_CITIUS_E_PECAS\ARQUIVO_OFICIAL_TRIBUNAL\PROC_15547_REIVINDICACAO\2026-08-20_PROC_15547-26.0T8LSB_DOCUMENTO_GERAL_15547_26_0T8LSB_456900676_CITA_alt.pdf,c101eae0becc5dca77b59a00cf37cd6fda2c5000722ee55fd20208e97a19484e,138.76,15547/26.0T8LSB,1.0,DOCUMENTADO,N/A,NAO,22,0,0
137,2026-08-20_PROC_15547-26.0T8LSB_DOCUMENTO_GERAL_15547_26_0T8LSB_REF_SEMREF_CIT_alt.pdf,03_RESULTADOS\04_DOCUMENTOS_CITIUS_E_PECAS\ARQUIVO_OFICIAL_TRIBUNAL\PROC_15547_REIVINDICACAO\2026-08-20_PROC_15547-26.0T8LSB_DOCUMENTO_GERAL_15547_26_0T8LSB_REF_SEMREF_CIT_alt.pdf,aa3060b801d766a6748eb402b0e1b87d6ec0e18ba17bfed228fb0da42f3d4f26,9.59,15547/26.0T8LSB,1.0,DOCUMENTADO,N/A,NAO,3,0,0
138,2026-08-20_PROC_15547-26.0T8LSB_PECA_JUDICIAL_15547_26_0T8LSB_456900676_CITACAO.pdf,03_RESULTADOS\04_DOCUMENTOS_CITIUS_E_PECAS\ARQUIVO_OFICIAL_TRIBUNAL\PROC_15547_REIVINDICACAO\2026-08-20_PROC_15547-26.0T8LSB_PECA_JUDICIAL_15547_26_0T8LSB_456900676_CITACAO.pdf,c101eae0becc5dca77b59a00cf37cd6fda2c5000722ee55fd20208e97a19484e,138.76,15547/26.0T8LSB,1.0,DOCUMENTADO,N/A,NAO,22,0,0
139,2026-08-20_PROC_15547-26.0T8LSB_PECA_JUDICIAL_15547_26_0T8LSB_REF_SEMREF_CITACAO.pdf,03_RESULTADOS\04_DOCUMENTOS_CITIUS_E_PECAS\ARQUIVO_OFICIAL_TRIBUNAL\PROC_15547_REIVINDICACAO\2026-08-20_PROC_15547-26.0T8LSB_PECA_JUDICIAL_15547_26_0T8LSB_REF_SEMREF_CITACAO.pdf,aa3060b801d766a6748eb402b0e1b87d6ec0e18ba17bfed228fb0da42f3d4f26,9.59,15547/26.0T8LSB,1.0,DOCUMENTADO,N/A,NAO,3,0,0
140,2026-08-21_PROC_15547-26.0T8LSB_PROVA_DOCUMENTAL_PROC_15547_FACTOS_PROVADOS.pdf,03_RESULTADOS\04_DOCUMENTOS_CITIUS_E_PECAS\ARQUIVO_OFICIAL_TRIBUNAL\PROC_15547_REIVINDICACAO\2026-08-21_PROC_15547-26.0T8LSB_PROVA_DOCUMENTAL_PROC_15547_FACTOS_PROVADOS.pdf,5a7922ddfc4976749fc465342aad47a7915d96ae4f54f9b238ccf31e20f3c02e,86.42,15547/26.0T8LSB,0.98,DOCUMENTADO,N/A,NAO,16,0,0
141,2026-08-21_PROC_15547-26.0T8LSB_PROVA_DOCUMENTAL_PROC_15547_FACTOS_PROVADOS_alt.pdf,03_RESULTADOS\04_DOCUMENTOS_CITIUS_E_PECAS\ARQUIVO_OFICIAL_TRIBUNAL\PROC_15547_REIVINDICACAO\2026-08-21_PROC_15547-26.0T8LSB_PROVA_DOCUMENTAL_PROC_15547_FACTOS_PROVADOS_alt.pdf,5a7922ddfc4976749fc465342aad47a7915d96ae4f54f9b238ccf31e20f3c02e,86.42,15547/26.0T8LSB,0.98,DOCUMENTADO,N/A,NAO,16,0,0
142,2026-08-21_PROVA_DOCUMENTAL_PROC_15547_FACTOS_PROVADOS.pdf,03_RESULTADOS\04_DOCUMENTOS_CITIUS_E_PECAS\ARQUIVO_OFICIAL_TRIBUNAL\PROC_15547_REIVINDICACAO\2026-08-21_PROVA_DOCUMENTAL_PROC_15547_FACTOS_PROVADOS.pdf,5a7922ddfc4976749fc465342aad47a7915d96ae4f54f9b238ccf31e20f3c02e,86.42,N/A,0.0,NAO_INDICIADO,N/A,NAO,16,0,0
143,2026-08-21_PROVA_DOCUMENTAL_PROC_15547_FACTOS_PROVADOS_alt.pdf,03_RESULTADOS\04_DOCUMENTOS_CITIUS_E_PECAS\ARQUIVO_OFICIAL_TRIBUNAL\PROC_15547_REIVINDICACAO\2026-08-21_PROVA_DOCUMENTAL_PROC_15547_FACTOS_PROVADOS_alt.pdf,5a7922ddfc4976749fc465342aad47a7915d96ae4f54f9b238ccf31e20f3c02e,86.42,N/A,0.0,NAO_INDICIADO,N/A,NAO,16,0,0
144,20_10_2025_ACEITE_RECUROS_VARELA.pdf,03_RESULTADOS\04_DOCUMENTOS_CITIUS_E_PECAS\ARQUIVO_OFICIAL_TRIBUNAL\PROC_23142_EXECUCAO_TRL\20_10_2025_ACEITE_RECUROS_VARELA.pdf,4e4fd1f5437ffbd0b4d2d41f4b124f8740bd57641a88420ef423bb021fd96e6a,120.95,N/A,0.0,NAO_INDICIADO,N/A,NAO,19,0,0
145,20_10_2025_ACEITE_RECUROS_VARE_alt.pdf,03_RESULTADOS\04_DOCUMENTOS_CITIUS_E_PECAS\ARQUIVO_OFICIAL_TRIBUNAL\PROC_23142_EXECUCAO_TRL\20_10_2025_ACEITE_RECUROS_VARE_alt.pdf,4e4fd1f5437ffbd0b4d2d41f4b124f8740bd57641a88420ef423bb021fd96e6a,120.95,N/A,0.0,NAO_INDICIADO,N/A,NAO,19,0,0
146,23142_22_7T8LSB_23379236_DESPACHO.pdf,03_RESULTADOS\04_DOCUMENTOS_CITIUS_E_PECAS\ARQUIVO_OFICIAL_TRIBUNAL\PROC_23142_EXECUCAO_TRL\23142_22_7T8LSB_23379236_DESPACHO.pdf,7ffd09081036213317f26c5f048da9056122b6c897e86f1f029bbf9e59303bb9,105.55,23142/22.7T8LSB,0.58,PARCIAL,N/A,NAO,11,0,0
147,23142_22_7T8LSB_23379236_DESPA_alt.pdf,03_RESULTADOS\04_DOCUMENTOS_CITIUS_E_PECAS\ARQUIVO_OFICIAL_TRIBUNAL\PROC_23142_EXECUCAO_TRL\23142_22_7T8LSB_23379236_DESPA_alt.pdf,7ffd09081036213317f26c5f048da9056122b6c897e86f1f029bbf9e59303bb9,105.55,23142/22.7T8LSB,0.58,PARCIAL,N/A,NAO,11,0,0
148,23142_22_7T8LSB_431387467_NOTIFICACAO.pdf,03_RESULTADOS\04_DOCUMENTOS_CITIUS_E_PECAS\ARQUIVO_OFICIAL_TRIBUNAL\PROC_23142_EXECUCAO_TRL\23142_22_7T8LSB_431387467_NOTIFICACAO.pdf,fe0e5ef870d142f91840473ca22550a04e60da798b3e28e2624672b33be10ef8,592.81,23142/22.7T8LSB,0.58,PARCIAL,N/A,NAO,15,0,0
149,23142_22_7T8LSB_431387467_NOTI_alt.pdf,03_RESULTADOS\04_DOCUMENTOS_CITIUS_E_PECAS\ARQUIVO_OFICIAL_TRIBUNAL\PROC_23142_EXECUCAO_TRL\23142_22_7T8LSB_431387467_NOTI_alt.pdf,fe0e5ef870d142f91840473ca22550a04e60da798b3e28e2624672b33be10ef8,592.81,23142/22.7T8LSB,0.58,PARCIAL,N/A,NAO,15,0,0
150,23142_22_7T8LSB_431985906_NOTIFICACAO.pdf,03_RESULTADOS\04_DOCUMENTOS_CITIUS_E_PECAS\ARQUIVO_OFICIAL_TRIBUNAL\PROC_23142_EXECUCAO_TRL\23142_22_7T8LSB_431985906_NOTIFICACAO.pdf,97f4b2d9cb92fadffbb847c28aed6528c9e4529c93cf9de7eea9d142b38135ee,130.25,23142/22.7T8LSB,0.58,PARCIAL,N/A,NAO,13,0,0
151,23142_22_7T8LSB_431985906_NOTI_alt.pdf,03_RESULTADOS\04_DOCUMENTOS_CITIUS_E_PECAS\ARQUIVO_OFICIAL_TRIBUNAL\PROC_23142_EXECUCAO_TRL\23142_22_7T8LSB_431985906_NOTI_alt.pdf,97f4b2d9cb92fadffbb847c28aed6528c9e4529c93cf9de7eea9d142b38135ee,130.25,23142/22.7T8LSB,0.58,PARCIAL,N/A,NAO,13,0,0
152,23142_22_7T8LSB_435648200_CITACAO.pdf,03_RESULTADOS\04_DOCUMENTOS_CITIUS_E_PECAS\ARQUIVO_OFICIAL_TRIBUNAL\PROC_23142_EXECUCAO_TRL\23142_22_7T8LSB_435648200_CITACAO.pdf,56b53052678cde489a80f2b7979613c96375af4771adf7adba52bc9c5ff92435,26.99,23142/22.7T8LSB,0.58,PARCIAL,N/A,NAO,9,0,0
153,23142_22_7T8LSB_435648200_CITA_alt.pdf,03_RESULTADOS\04_DOCUMENTOS_CITIUS_E_PECAS\ARQUIVO_OFICIAL_TRIBUNAL\PROC_23142_EXECUCAO_TRL\23142_22_7T8LSB_435648200_CITA_alt.pdf,56b53052678cde489a80f2b7979613c96375af4771adf7adba52bc9c5ff92435,26.99,23142/22.7T8LSB,0.58,PARCIAL,N/A,NAO,9,0,0
154,23142_22_7T8LSB_438309146_NOTIFICACAO.pdf,03_RESULTADOS\04_DOCUMENTOS_CITIUS_E_PECAS\ARQUIVO_OFICIAL_TRIBUNAL\PROC_23142_EXECUCAO_TRL\23142_22_7T8LSB_438309146_NOTIFICACAO.pdf,bbec4c747b1cd05007e326fc4ab8c2b5bd91875b467a05175772a3afc4a424e6,129.42,23142/22.7T8LSB,0.58,PARCIAL,N/A,NAO,13,0,0
155,23142_22_7T8LSB_438309146_NOTI_alt.pdf,03_RESULTADOS\04_DOCUMENTOS_CITIUS_E_PECAS\ARQUIVO_OFICIAL_TRIBUNAL\PROC_23142_EXECUCAO_TRL\23142_22_7T8LSB_438309146_NOTI_alt.pdf,bbec4c747b1cd05007e326fc4ab8c2b5bd91875b467a05175772a3afc4a424e6,129.42,23142/22.7T8LSB,0.58,PARCIAL,N/A,NAO,13,0,0
156,23142_22_7T8LSB_438649320_NOTIFICACAO.pdf,03_RESULTADOS\04_DOCUMENTOS_CITIUS_E_PECAS\ARQUIVO_OFICIAL_TRIBUNAL\PROC_23142_EXECUCAO_TRL\23142_22_7T8LSB_438649320_NOTIFICACAO.pdf,bca099fc59a2f730ee747b5ba675363e301fc3109f45ea0886ffd221ee47b81e,131.3,23142/22.7T8LSB,0.58,PARCIAL,N/A,NAO,13,0,0
157,23142_22_7T8LSB_438649320_NOTI_alt.pdf,03_RESULTADOS\04_DOCUMENTOS_CITIUS_E_PECAS\ARQUIVO_OFICIAL_TRIBUNAL\PROC_23142_EXECUCAO_TRL\23142_22_7T8LSB_438649320_NOTI_alt.pdf,bca099fc59a2f730ee747b5ba675363e301fc3109f45ea0886ffd221ee47b81e,131.3,23142/22.7T8LSB,0.58,PARCIAL,N/A,NAO,13,0,0
158,23142_22_7T8LSB_438649378_DESPACHO.pdf,03_RESULTADOS\04_DOCUMENTOS_CITIUS_E_PECAS\ARQUIVO_OFICIAL_TRIBUNAL\PROC_23142_EXECUCAO_TRL\23142_22_7T8LSB_438649378_DESPACHO.pdf,73f3bc85f42d4a517677080a0a46018b6566b95399e920341645d9082e82b9ff,56.82,12/04.2023,0.88,DOCUMENTADO,N/A,NAO,8,0,0
159,23142_22_7T8LSB_438649378_DESP_alt.pdf,03_RESULTADOS\04_DOCUMENTOS_CITIUS_E_PECAS\ARQUIVO_OFICIAL_TRIBUNAL\PROC_23142_EXECUCAO_TRL\23142_22_7T8LSB_438649378_DESP_alt.pdf,73f3bc85f42d4a517677080a0a46018b6566b95399e920341645d9082e82b9ff,56.82,12/04.2023,0.88,DOCUMENTADO,N/A,NAO,8,0,0
160,23142_22_7T8LSB_438694236_NOTIFICACAO.pdf,03_RESULTADOS\04_DOCUMENTOS_CITIUS_E_PECAS\ARQUIVO_OFICIAL_TRIBUNAL\PROC_23142_EXECUCAO_TRL\23142_22_7T8LSB_438694236_NOTIFICACAO.pdf,26318ab080db04ba95bdebfcd0c325234bfe5e0d7ea89a5c6d3e0d62d4020e96,82.83,23142/22.7T8LSB,1.0,DOCUMENTADO,N/A,NAO,15,0,0
161,23142_22_7T8LSB_438694236_NOTI_alt.pdf,03_RESULTADOS\04_DOCUMENTOS_CITIUS_E_PECAS\ARQUIVO_OFICIAL_TRIBUNAL\PROC_23142_EXECUCAO_TRL\23142_22_7T8LSB_438694236_NOTI_alt.pdf,26318ab080db04ba95bdebfcd0c325234bfe5e0d7ea89a5c6d3e0d62d4020e96,82.83,23142/22.7T8LSB,1.0,DOCUMENTADO,N/A,NAO,15,0,0
162,23142_22_7T8LSB_438694393_NOTIFICACAO.pdf,03_RESULTADOS\04_DOCUMENTOS_CITIUS_E_PECAS\ARQUIVO_OFICIAL_TRIBUNAL\PROC_23142_EXECUCAO_TRL\23142_22_7T8LSB_438694393_NOTIFICACAO.pdf,e74aa73db5b39898d3821c454d084e63e68b3e3191fd1a770f239b9194ebbba5,88.42,23142/22.7T8LSB,1.0,DOCUMENTADO,N/A,NAO,17,0,0
163,23142_22_7T8LSB_438694393_NOTI_alt.pdf,03_RESULTADOS\04_DOCUMENTOS_CITIUS_E_PECAS\ARQUIVO_OFICIAL_TRIBUNAL\PROC_23142_EXECUCAO_TRL\23142_22_7T8LSB_438694393_NOTI_alt.pdf,e74aa73db5b39898d3821c454d084e63e68b3e3191fd1a770f239b9194ebbba5,88.42,23142/22.7T8LSB,1.0,DOCUMENTADO,N/A,NAO,17,0,0
164,23142_22_7T8LSB_439383567_CITACAO.pdf,03_RESULTADOS\04_DOCUMENTOS_CITIUS_E_PECAS\ARQUIVO_OFICIAL_TRIBUNAL\PROC_23142_EXECUCAO_TRL\23142_22_7T8LSB_439383567_CITACAO.pdf,29f51bd31b0ef91154e24034d4e4c7920ad9f21ef0a736e7ce36115926f854c8,173.13,23142/22.7T8LSB,0.58,PARCIAL,N/A,NAO,14,0,0
165,23142_22_7T8LSB_439383567_CITA_alt.pdf,03_RESULTADOS\04_DOCUMENTOS_CITIUS_E_PECAS\ARQUIVO_OFICIAL_TRIBUNAL\PROC_23142_EXECUCAO_TRL\23142_22_7T8LSB_439383567_CITA_alt.pdf,29f51bd31b0ef91154e24034d4e4c7920ad9f21ef0a736e7ce36115926f854c8,173.13,23142/22.7T8LSB,0.58,PARCIAL,N/A,NAO,14,0,0
166,23142_22_7T8LSB_439383598_CITACAO.pdf,03_RESULTADOS\04_DOCUMENTOS_CITIUS_E_PECAS\ARQUIVO_OFICIAL_TRIBUNAL\PROC_23142_EXECUCAO_TRL\23142_22_7T8LSB_439383598_CITACAO.pdf,a25bfa0fdabfb0368a8be8696b1eca760035a612fe22b5765c2267586a9f1af0,12.66,23142/22.7T8LSB,0.82,PARCIAL,N/A,NAO,3,0,0
167,23142_22_7T8LSB_439383598_CITA_alt.pdf,03_RESULTADOS\04_DOCUMENTOS_CITIUS_E_PECAS\ARQUIVO_OFICIAL_TRIBUNAL\PROC_23142_EXECUCAO_TRL\23142_22_7T8LSB_439383598_CITA_alt.pdf,a25bfa0fdabfb0368a8be8696b1eca760035a612fe22b5765c2267586a9f1af0,12.66,23142/22.7T8LSB,0.82,PARCIAL,N/A,NAO,3,0,0
168,23142_22_7T8LSB_440208502_CITACAO.pdf,03_RESULTADOS\04_DOCUMENTOS_CITIUS_E_PECAS\ARQUIVO_OFICIAL_TRIBUNAL\PROC_23142_EXECUCAO_TRL\23142_22_7T8LSB_440208502_CITACAO.pdf,7ece4ac5915223734eb1638dfac6095fb86b1a81d601053abd7dee90cb5ec3f3,172.72,23142/22.7T8LSB,0.58,PARCIAL,N/A,NAO,14,0,0
169,23142_22_7T8LSB_440208502_CITA_alt.pdf,03_RESULTADOS\04_DOCUMENTOS_CITIUS_E_PECAS\ARQUIVO_OFICIAL_TRIBUNAL\PROC_23142_EXECUCAO_TRL\23142_22_7T8LSB_440208502_CITA_alt.pdf,7ece4ac5915223734eb1638dfac6095fb86b1a81d601053abd7dee90cb5ec3f3,172.72,23142/22.7T8LSB,0.58,PARCIAL,N/A,NAO,14,0,0
170,23142_22_7T8LSB_443880179_CONSULTA.pdf,03_RESULTADOS\04_DOCUMENTOS_CITIUS_E_PECAS\ARQUIVO_OFICIAL_TRIBUNAL\PROC_23142_EXECUCAO_TRL\23142_22_7T8LSB_443880179_CONSULTA.pdf,fc1ff1ed60d109dccc08b81e5ca6b36863938dd9527c177be40cd60e422b1e25,22.26,23142/22.7T8LSB,1.0,DOCUMENTADO,N/A,NAO,8,0,0
171,23142_22_7T8LSB_443880179_CONS_alt.pdf,03_RESULTADOS\04_DOCUMENTOS_CITIUS_E_PECAS\ARQUIVO_OFICIAL_TRIBUNAL\PROC_23142_EXECUCAO_TRL\23142_22_7T8LSB_443880179_CONS_alt.pdf,fc1ff1ed60d109dccc08b81e5ca6b36863938dd9527c177be40cd60e422b1e25,22.26,23142/22.7T8LSB,1.0,DOCUMENTADO,N/A,NAO,8,0,0
172,23142_22_7T8LSB_443880180_CONSULTA.pdf,03_RESULTADOS\04_DOCUMENTOS_CITIUS_E_PECAS\ARQUIVO_OFICIAL_TRIBUNAL\PROC_23142_EXECUCAO_TRL\23142_22_7T8LSB_443880180_CONSULTA.pdf,dbd8d22d9dd4e2767651ecd4b786f948daff998f3e87a8f5f02cd160e333c061,22.24,23142/22.7T8LSB,1.0,DOCUMENTADO,N/A,NAO,8,0,0
173,23142_22_7T8LSB_443880180_CONS_alt.pdf,03_RESULTADOS\04_DOCUMENTOS_CITIUS_E_PECAS\ARQUIVO_OFICIAL_TRIBUNAL\PROC_23142_EXECUCAO_TRL\23142_22_7T8LSB_443880180_CONS_alt.pdf,dbd8d22d9dd4e2767651ecd4b786f948daff998f3e87a8f5f02cd160e333c061,22.24,23142/22.7T8LSB,1.0,DOCUMENTADO,N/A,NAO,8,0,0
174,23142_22_7T8LSB_443880181_CONSULTA.pdf,03_RESULTADOS\04_DOCUMENTOS_CITIUS_E_PECAS\ARQUIVO_OFICIAL_TRIBUNAL\PROC_23142_EXECUCAO_TRL\23142_22_7T8LSB_443880181_CONSULTA.pdf,078b26397a1d113ab16e3f8c65d8d057cd1a1c923ed78832d6f292faa9c7c2b9,22.24,23142/22.7T8LSB,1.0,DOCUMENTADO,N/A,NAO,8,0,0
175,23142_22_7T8LSB_443880181_CONS_alt.pdf,03_RESULTADOS\04_DOCUMENTOS_CITIUS_E_PECAS\ARQUIVO_OFICIAL_TRIBUNAL\PROC_23142_EXECUCAO_TRL\23142_22_7T8LSB_443880181_CONS_alt.pdf,078b26397a1d113ab16e3f8c65d8d057cd1a1c923ed78832d6f292faa9c7c2b9,22.24,23142/22.7T8LSB,1.0,DOCUMENTADO,N/A,NAO,8,0,0
176,23142_22_7T8LSB_443880183_PEDIDO.pdf,03_RESULTADOS\04_DOCUMENTOS_CITIUS_E_PECAS\ARQUIVO_OFICIAL_TRIBUNAL\PROC_23142_EXECUCAO_TRL\23142_22_7T8LSB_443880183_PEDIDO.pdf,c8106652ef3b918983689431c6535c74819c62afbaf5098d43bcf67d682a6278,22.59,23142/22.7T8LSB,0.58,PARCIAL,N/A,NAO,4,0,0
177,23142_22_7T8LSB_443880183_PEDI_alt.pdf,03_RESULTADOS\04_DOCUMENTOS_CITIUS_E_PECAS\ARQUIVO_OFICIAL_TRIBUNAL\PROC_23142_EXECUCAO_TRL\23142_22_7T8LSB_443880183_PEDI_alt.pdf,c8106652ef3b918983689431c6535c74819c62afbaf5098d43bcf67d682a6278,22.59,23142/22.7T8LSB,0.58,PARCIAL,N/A,NAO,4,0,0
178,23142_22_7T8LSB_443880185_PEDIDO.pdf,03_RESULTADOS\04_DOCUMENTOS_CITIUS_E_PECAS\ARQUIVO_OFICIAL_TRIBUNAL\PROC_23142_EXECUCAO_TRL\23142_22_7T8LSB_443880185_PEDIDO.pdf,7cff2e93b1c6d27b1f8d5659d2ac45cc202e165102ea48c27cfc6afa0503eab4,22.45,23142/22.7T8LSB,1.0,DOCUMENTADO,N/A,NAO,8,0,0
179,23142_22_7T8LSB_443880185_PEDI_alt.pdf,03_RESULTADOS\04_DOCUMENTOS_CITIUS_E_PECAS\ARQUIVO_OFICIAL_TRIBUNAL\PROC_23142_EXECUCAO_TRL\23142_22_7T8LSB_443880185_PEDI_alt.pdf,7cff2e93b1c6d27b1f8d5659d2ac45cc202e165102ea48c27cfc6afa0503eab4,22.45,23142/22.7T8LSB,1.0,DOCUMENTADO,N/A,NAO,8,0,0
180,23142_22_7T8LSB_443880186_PEDIDO.pdf,03_RESULTADOS\04_DOCUMENTOS_CITIUS_E_PECAS\ARQUIVO_OFICIAL_TRIBUNAL\PROC_23142_EXECUCAO_TRL\23142_22_7T8LSB_443880186_PEDIDO.pdf,a68a8c1537bb820a7977c502aea074a042bdd2ceb5de9544662164360686cfcb,22.43,23142/22.7T8LSB,1.0,DOCUMENTADO,N/A,NAO,8,0,0
181,23142_22_7T8LSB_443880186_PEDI_alt.pdf,03_RESULTADOS\04_DOCUMENTOS_CITIUS_E_PECAS\ARQUIVO_OFICIAL_TRIBUNAL\PROC_23142_EXECUCAO_TRL\23142_22_7T8LSB_443880186_PEDI_alt.pdf,a68a8c1537bb820a7977c502aea074a042bdd2ceb5de9544662164360686cfcb,22.43,23142/22.7T8LSB,1.0,DOCUMENTADO,N/A,NAO,8,0,0
182,23142_22_7T8LSB_443880187_PEDIDO.pdf,03_RESULTADOS\04_DOCUMENTOS_CITIUS_E_PECAS\ARQUIVO_OFICIAL_TRIBUNAL\PROC_23142_EXECUCAO_TRL\23142_22_7T8LSB_443880187_PEDIDO.pdf,6db89e19666f86a9875f485cf6d77ea6d5ae9b8b2b591f428215758dad5c9054,22.43,23142/22.7T8LSB,1.0,DOCUMENTADO,N/A,NAO,8,0,0
183,23142_22_7T8LSB_443880187_PEDI_alt.pdf,03_RESULTADOS\04_DOCUMENTOS_CITIUS_E_PECAS\ARQUIVO_OFICIAL_TRIBUNAL\PROC_23142_EXECUCAO_TRL\23142_22_7T8LSB_443880187_PEDI_alt.pdf,6db89e19666f86a9875f485cf6d77ea6d5ae9b8b2b591f428215758dad5c9054,22.43,23142/22.7T8LSB,1.0,DOCUMENTADO,N/A,NAO,8,0,0
184,23142_22_7T8LSB_443880192_CONSULTA.pdf,03_RESULTADOS\04_DOCUMENTOS_CITIUS_E_PECAS\ARQUIVO_OFICIAL_TRIBUNAL\PROC_23142_EXECUCAO_TRL\23142_22_7T8LSB_443880192_CONSULTA.pdf,99bfa35001b9828b6c8fbfc7f3a07a302b0c864b5f9f91372452e0ba2429e58d,22.2,23142/22.7T8LSB,1.0,DOCUMENTADO,N/A,NAO,8,0,0
185,23142_22_7T8LSB_443880192_CONS_alt.pdf,03_RESULTADOS\04_DOCUMENTOS_CITIUS_E_PECAS\ARQUIVO_OFICIAL_TRIBUNAL\PROC_23142_EXECUCAO_TRL\23142_22_7T8LSB_443880192_CONS_alt.pdf,99bfa35001b9828b6c8fbfc7f3a07a302b0c864b5f9f91372452e0ba2429e58d,22.2,23142/22.7T8LSB,1.0,DOCUMENTADO,N/A,NAO,8,0,0
186,23142_22_7T8LSB_443880193_PEDIDO.pdf,03_RESULTADOS\04_DOCUMENTOS_CITIUS_E_PECAS\ARQUIVO_OFICIAL_TRIBUNAL\PROC_23142_EXECUCAO_TRL\23142_22_7T8LSB_443880193_PEDIDO.pdf,91053e9218f48a31c05640f56f26cb88a856a2f9b11b3fcc0045244e19f3acb4,22.21,23142/22.7T8LSB,1.0,DOCUMENTADO,N/A,NAO,8,0,0
187,23142_22_7T8LSB_443880193_PEDI_alt.pdf,03_RESULTADOS\04_DOCUMENTOS_CITIUS_E_PECAS\ARQUIVO_OFICIAL_TRIBUNAL\PROC_23142_EXECUCAO_TRL\23142_22_7T8LSB_443880193_PEDI_alt.pdf,91053e9218f48a31c05640f56f26cb88a856a2f9b11b3fcc0045244e19f3acb4,22.21,23142/22.7T8LSB,1.0,DOCUMENTADO,N/A,NAO,8,0,0
188,23142_22_7T8LSB_443880194_PEDIDO.pdf,03_RESULTADOS\04_DOCUMENTOS_CITIUS_E_PECAS\ARQUIVO_OFICIAL_TRIBUNAL\PROC_23142_EXECUCAO_TRL\23142_22_7T8LSB_443880194_PEDIDO.pdf,028c1a56d661b07cf4695c2d1c35ce5488f8f0242d4c2cc71a7a0f3d771e02d2,22.21,23142/22.7T8LSB,1.0,DOCUMENTADO,N/A,NAO,8,0,0
189,23142_22_7T8LSB_443880194_PEDI_alt.pdf,03_RESULTADOS\04_DOCUMENTOS_CITIUS_E_PECAS\ARQUIVO_OFICIAL_TRIBUNAL\PROC_23142_EXECUCAO_TRL\23142_22_7T8LSB_443880194_PEDI_alt.pdf,028c1a56d661b07cf4695c2d1c35ce5488f8f0242d4c2cc71a7a0f3d771e02d2,22.21,23142/22.7T8LSB,1.0,DOCUMENTADO,N/A,NAO,8,0,0
190,23142_22_7T8LSB_443880195_CONSULTA.pdf,03_RESULTADOS\04_DOCUMENTOS_CITIUS_E_PECAS\ARQUIVO_OFICIAL_TRIBUNAL\PROC_23142_EXECUCAO_TRL\23142_22_7T8LSB_443880195_CONSULTA.pdf,c9dd1d4501523d5a72de1604cd0716250f6ac05c299eef4da94f12f8b17a6e09,7.98,23142/22.7T8LSB,1.0,DOCUMENTADO,N/A,NAO,3,0,0
191,23142_22_7T8LSB_443880195_CONS_alt.pdf,03_RESULTADOS\04_DOCUMENTOS_CITIUS_E_PECAS\ARQUIVO_OFICIAL_TRIBUNAL\PROC_23142_EXECUCAO_TRL\23142_22_7T8LSB_443880195_CONS_alt.pdf,c9dd1d4501523d5a72de1604cd0716250f6ac05c299eef4da94f12f8b17a6e09,7.98,23142/22.7T8LSB,1.0,DOCUMENTADO,N/A,NAO,3,0,0
192,23142_22_7T8LSB_443880196_CONSULTA.pdf,03_RESULTADOS\04_DOCUMENTOS_CITIUS_E_PECAS\ARQUIVO_OFICIAL_TRIBUNAL\PROC_23142_EXECUCAO_TRL\23142_22_7T8LSB_443880196_CONSULTA.pdf,285b8a37d1c9a30cafabe3e78f31983c5b0caa1b3236f26aad4041b4a706131c,8.15,23142/22.7T8LSB,1.0,DOCUMENTADO,N/A,NAO,3,0,0
193,23142_22_7T8LSB_443880196_CONS_alt.pdf,03_RESULTADOS\04_DOCUMENTOS_CITIUS_E_PECAS\ARQUIVO_OFICIAL_TRIBUNAL\PROC_23142_EXECUCAO_TRL\23142_22_7T8LSB_443880196_CONS_alt.pdf,285b8a37d1c9a30cafabe3e78f31983c5b0caa1b3236f26aad4041b4a706131c,8.15,23142/22.7T8LSB,1.0,DOCUMENTADO,N/A,NAO,3,0,0
194,23142_22_7T8LSB_453386628_NOTIFICACAO.pdf,03_RESULTADOS\04_DOCUMENTOS_CITIUS_E_PECAS\ARQUIVO_OFICIAL_TRIBUNAL\PROC_23142_EXECUCAO_TRL\23142_22_7T8LSB_453386628_NOTIFICACAO.pdf,191535ad8f57228c3fef4ba9c05f94b2b3e0cf1ba5ffe14f98ae5de4fc2ab0da,83.31,23142/22.7T8LSB,1.0,DOCUMENTADO,N/A,NAO,15,0,0
195,23142_22_7T8LSB_453386628_NOTI_alt.pdf,03_RESULTADOS\04_DOCUMENTOS_CITIUS_E_PECAS\ARQUIVO_OFICIAL_TRIBUNAL\PROC_23142_EXECUCAO_TRL\23142_22_7T8LSB_453386628_NOTI_alt.pdf,191535ad8f57228c3fef4ba9c05f94b2b3e0cf1ba5ffe14f98ae5de4fc2ab0da,83.31,23142/22.7T8LSB,1.0,DOCUMENTADO,N/A,NAO,15,0,0
196,23142_22_7T8LSB_464988981_PEDIDO.pdf,03_RESULTADOS\04_DOCUMENTOS_CITIUS_E_PECAS\ARQUIVO_OFICIAL_TRIBUNAL\PROC_23142_EXECUCAO_TRL\23142_22_7T8LSB_464988981_PEDIDO.pdf,838c49be3121e73c1a5dd84ce51f6179f0e74e69dda04c2a4150f9e4debd2dc2,93.65,23142/22.7T8LSB,1.0,DOCUMENTADO,N/A,NAO,17,0,0
197,23142_22_7T8LSB_464988981_PEDI_alt.pdf,03_RESULTADOS\04_DOCUMENTOS_CITIUS_E_PECAS\ARQUIVO_OFICIAL_TRIBUNAL\PROC_23142_EXECUCAO_TRL\23142_22_7T8LSB_464988981_PEDI_alt.pdf,838c49be3121e73c1a5dd84ce51f6179f0e74e69dda04c2a4150f9e4debd2dc2,93.65,23142/22.7T8LSB,1.0,DOCUMENTADO,N/A,NAO,17,0,0
198,23142_22_7T8LSB_465014076_CAPA.pdf,03_RESULTADOS\04_DOCUMENTOS_CITIUS_E_PECAS\ARQUIVO_OFICIAL_TRIBUNAL\PROC_23142_EXECUCAO_TRL\23142_22_7T8LSB_465014076_CAPA.pdf,67c17f400a997083fa171259e7865868b23614a24ace4b2301510ded7958e0a3,128.92,23142/22.7T8LSB,0.58,PARCIAL,N/A,NAO,14,0,0
199,23142_22_7T8LSB_465014076_CAPA_alt.pdf,03_RESULTADOS\04_DOCUMENTOS_CITIUS_E_PECAS\ARQUIVO_OFICIAL_TRIBUNAL\PROC_23142_EXECUCAO_TRL\23142_22_7T8LSB_465014076_CAPA_alt.pdf,67c17f400a997083fa171259e7865868b23614a24ace4b2301510ded7958e0a3,128.92,23142/22.7T8LSB,0.58,PARCIAL,N/A,NAO,14,0,0
200,23142_22_7T8LSB_465268644_CAPA.pdf,03_RESULTADOS\04_DOCUMENTOS_CITIUS_E_PECAS\ARQUIVO_OFICIAL_TRIBUNAL\PROC_23142_EXECUCAO_TRL\23142_22_7T8LSB_465268644_CAPA.pdf,5bac1eeaa4861930a5a7a85bfc22c7367c2068b5a9680e27a2d0503bc60caacb,166.49,23142/22.7T8LSB,0.58,PARCIAL,N/A,NAO,19,0,0
201,23142_22_7T8LSB_465268644_CAPA_alt.pdf,03_RESULTADOS\04_DOCUMENTOS_CITIUS_E_PECAS\ARQUIVO_OFICIAL_TRIBUNAL\PROC_23142_EXECUCAO_TRL\23142_22_7T8LSB_465268644_CAPA_alt.pdf,5bac1eeaa4861930a5a7a85bfc22c7367c2068b5a9680e27a2d0503bc60caacb,166.49,23142/22.7T8LSB,0.58,PARCIAL,N/A,NAO,19,0,0
202,23142_22_7T8LSB_465268645_TERMO_REGISTO.pdf,03_RESULTADOS\04_DOCUMENTOS_CITIUS_E_PECAS\ARQUIVO_OFICIAL_TRIBUNAL\PROC_23142_EXECUCAO_TRL\23142_22_7T8LSB_465268645_TERMO_REGISTO.pdf,1000b83a21802e9ea037f12cbeaca0bfa080a917228e16cd5972c002cc96b77c,120.35,23142/22.7T8LSB,0.58,PARCIAL,N/A,NAO,14,0,0
203,23142_22_7T8LSB_465268645_TERM_alt.pdf,03_RESULTADOS\04_DOCUMENTOS_CITIUS_E_PECAS\ARQUIVO_OFICIAL_TRIBUNAL\PROC_23142_EXECUCAO_TRL\23142_22_7T8LSB_465268645_TERM_alt.pdf,1000b83a21802e9ea037f12cbeaca0bfa080a917228e16cd5972c002cc96b77c,120.35,23142/22.7T8LSB,0.58,PARCIAL,N/A,NAO,14,0,0
204,23142_22_7T8LSB_465828566_CARTA_DEVOLVIDA.pdf,03_RESULTADOS\04_DOCUMENTOS_CITIUS_E_PECAS\ARQUIVO_OFICIAL_TRIBUNAL\PROC_23142_EXECUCAO_TRL\23142_22_7T8LSB_465828566_CARTA_DEVOLVIDA.pdf,dd56b162fada2d79ab6138a2b533594e3e82060267aef8f6f426cf780f65c9c6,69.28,23142/22.7T8LSB,0.58,PARCIAL,N/A,NAO,15,0,0
205,23142_22_7T8LSB_465828566_CART_alt.pdf,03_RESULTADOS\04_DOCUMENTOS_CITIUS_E_PECAS\ARQUIVO_OFICIAL_TRIBUNAL\PROC_23142_EXECUCAO_TRL\23142_22_7T8LSB_465828566_CART_alt.pdf,dd56b162fada2d79ab6138a2b533594e3e82060267aef8f6f426cf780f65c9c6,69.28,23142/22.7T8LSB,0.58,PARCIAL,N/A,NAO,15,0,0
206,23142_22_7T8LSB_465854051_CARTA_DEVOLVIDA.pdf,03_RESULTADOS\04_DOCUMENTOS_CITIUS_E_PECAS\ARQUIVO_OFICIAL_TRIBUNAL\PROC_23142_EXECUCAO_TRL\23142_22_7T8LSB_465854051_CARTA_DEVOLVIDA.pdf,79791d00f1de5bee6df8661ebe80eea84682c7c24fa8fb4a77377e093af2037f,71.42,23142/22.7T8LSB,0.58,PARCIAL,N/A,NAO,23,0,0
207,23142_22_7T8LSB_465854051_CART_alt.pdf,03_RESULTADOS\04_DOCUMENTOS_CITIUS_E_PECAS\ARQUIVO_OFICIAL_TRIBUNAL\PROC_23142_EXECUCAO_TRL\23142_22_7T8LSB_465854051_CART_alt.pdf,79791d00f1de5bee6df8661ebe80eea84682c7c24fa8fb4a77377e093af2037f,71.42,23142/22.7T8LSB,0.58,PARCIAL,N/A,NAO,23,0,0
208,23142_22_7T8LSB_467509196_CONCLUSAO.pdf,03_RESULTADOS\04_DOCUMENTOS_CITIUS_E_PECAS\ARQUIVO_OFICIAL_TRIBUNAL\PROC_23142_EXECUCAO_TRL\23142_22_7T8LSB_467509196_CONCLUSAO.pdf,dab1089137660766142497f78558354690f20d55d54e07dba2aafac044eaa959,128.23,23142/22.7T8LSB,0.58,PARCIAL,N/A,NAO,13,0,0
209,23142_22_7T8LSB_467509196_CONC_alt.pdf,03_RESULTADOS\04_DOCUMENTOS_CITIUS_E_PECAS\ARQUIVO_OFICIAL_TRIBUNAL\PROC_23142_EXECUCAO_TRL\23142_22_7T8LSB_467509196_CONC_alt.pdf,dab1089137660766142497f78558354690f20d55d54e07dba2aafac044eaa959,128.23,23142/22.7T8LSB,0.58,PARCIAL,N/A,NAO,13,0,0
210,23142_22_7T8LSB_467753404_CONCLUSAO.pdf,03_RESULTADOS\04_DOCUMENTOS_CITIUS_E_PECAS\ARQUIVO_OFICIAL_TRIBUNAL\PROC_23142_EXECUCAO_TRL\23142_22_7T8LSB_467753404_CONCLUSAO.pdf,10674f45c1de8a1367d7ad60d8753d59d818772e77cbc01f6acca32fe4a4313f,127.33,23142/22.7T8LSB,0.58,PARCIAL,N/A,NAO,13,0,0
211,23142_22_7T8LSB_467753404_CONC_alt.pdf,03_RESULTADOS\04_DOCUMENTOS_CITIUS_E_PECAS\ARQUIVO_OFICIAL_TRIBUNAL\PROC_23142_EXECUCAO_TRL\23142_22_7T8LSB_467753404_CONC_alt.pdf,10674f45c1de8a1367d7ad60d8753d59d818772e77cbc01f6acca32fe4a4313f,127.33,23142/22.7T8LSB,0.58,PARCIAL,N/A,NAO,13,0,0
212,23142_22_7T8LSB_468494611_NOTIFICACAO.pdf,03_RESULTADOS\04_DOCUMENTOS_CITIUS_E_PECAS\ARQUIVO_OFICIAL_TRIBUNAL\PROC_23142_EXECUCAO_TRL\23142_22_7T8LSB_468494611_NOTIFICACAO.pdf,37736aa484dfcd03cc1628b7c1cef35628d9f22c518ae8be5c54e9ffdb622ef9,129.08,23142/22.7T8LSB,1.0,DOCUMENTADO,N/A,NAO,21,0,0
213,23142_22_7T8LSB_468494611_NOTI_alt.pdf,03_RESULTADOS\04_DOCUMENTOS_CITIUS_E_PECAS\ARQUIVO_OFICIAL_TRIBUNAL\PROC_23142_EXECUCAO_TRL\23142_22_7T8LSB_468494611_NOTI_alt.pdf,37736aa484dfcd03cc1628b7c1cef35628d9f22c518ae8be5c54e9ffdb622ef9,129.08,23142/22.7T8LSB,1.0,DOCUMENTADO,N/A,NAO,21,0,0
214,23142_22_7T8LSB_468494613_NOTIFICACAO.pdf,03_RESULTADOS\04_DOCUMENTOS_CITIUS_E_PECAS\ARQUIVO_OFICIAL_TRIBUNAL\PROC_23142_EXECUCAO_TRL\23142_22_7T8LSB_468494613_NOTIFICACAO.pdf,5d2cb0dab5efdfa2e8d6719c849c784f137f51f75649cba8527ad70447339f1c,130.28,23142/22.7T8LSB,0.58,PARCIAL,N/A,NAO,23,0,0
215,23142_22_7T8LSB_468494613_NOTI_alt.pdf,03_RESULTADOS\04_DOCUMENTOS_CITIUS_E_PECAS\ARQUIVO_OFICIAL_TRIBUNAL\PROC_23142_EXECUCAO_TRL\23142_22_7T8LSB_468494613_NOTI_alt.pdf,5d2cb0dab5efdfa2e8d6719c849c784f137f51f75649cba8527ad70447339f1c,130.28,23142/22.7T8LSB,0.58,PARCIAL,N/A,NAO,23,0,0
216,23142_22_7T8LSB_468495479_REMESSA_RECURSO.pdf,03_RESULTADOS\04_DOCUMENTOS_CITIUS_E_PECAS\ARQUIVO_OFICIAL_TRIBUNAL\PROC_23142_EXECUCAO_TRL\23142_22_7T8LSB_468495479_REMESSA_RECURSO.pdf,175e3b59474bb07a94b26b030163b09d3f2964d48ef5d80975c08df5ae25760c,76.51,23142/22.7T8LSB,1.0,DOCUMENTADO,N/A,NAO,15,0,0
217,23142_22_7T8LSB_468495479_REME_alt.pdf,03_RESULTADOS\04_DOCUMENTOS_CITIUS_E_PECAS\ARQUIVO_OFICIAL_TRIBUNAL\PROC_23142_EXECUCAO_TRL\23142_22_7T8LSB_468495479_REME_alt.pdf,175e3b59474bb07a94b26b030163b09d3f2964d48ef5d80975c08df5ae25760c,76.51,23142/22.7T8LSB,1.0,DOCUMENTADO,N/A,NAO,15,0,0
218,23142_22_7T8LSB_469153181_CARTA_DEVOLVIDA.pdf,03_RESULTADOS\04_DOCUMENTOS_CITIUS_E_PECAS\ARQUIVO_OFICIAL_TRIBUNAL\PROC_23142_EXECUCAO_TRL\23142_22_7T8LSB_469153181_CARTA_DEVOLVIDA.pdf,7bed3594bcdf072d972d6e479a395d057daec150d194d80b696bc0b9b5bfe2f0,72.7,23142/22.7T8LSB,0.58,PARCIAL,N/A,NAO,4,0,0
219,23142_22_7T8LSB_469153181_CART_alt.pdf,03_RESULTADOS\04_DOCUMENTOS_CITIUS_E_PECAS\ARQUIVO_OFICIAL_TRIBUNAL\PROC_23142_EXECUCAO_TRL\23142_22_7T8LSB_469153181_CART_alt.pdf,7bed3594bcdf072d972d6e479a395d057daec150d194d80b696bc0b9b5bfe2f0,72.7,23142/22.7T8LSB,0.58,PARCIAL,N/A,NAO,4,0,0
220,23142_22_7T8LSB_476263465_BAIXA_AUTOS.pdf,03_RESULTADOS\04_DOCUMENTOS_CITIUS_E_PECAS\ARQUIVO_OFICIAL_TRIBUNAL\PROC_23142_EXECUCAO_TRL\23142_22_7T8LSB_476263465_BAIXA_AUTOS.pdf,cfe927d0c05f805010ebb6be5bac291131346292d3117679d383641eb0d858ad,88.23,23142/22.7T8LSB,1.0,DOCUMENTADO,N/A,NAO,15,0,0
221,23142_22_7T8LSB_476263465_BAIX_alt.pdf,03_RESULTADOS\04_DOCUMENTOS_CITIUS_E_PECAS\ARQUIVO_OFICIAL_TRIBUNAL\PROC_23142_EXECUCAO_TRL\23142_22_7T8LSB_476263465_BAIX_alt.pdf,cfe927d0c05f805010ebb6be5bac291131346292d3117679d383641eb0d858ad,88.23,23142/22.7T8LSB,1.0,DOCUMENTADO,N/A,NAO,15,0,0
222,23142_22_7T8LSB_476263773_VISTO.pdf,03_RESULTADOS\04_DOCUMENTOS_CITIUS_E_PECAS\ARQUIVO_OFICIAL_TRIBUNAL\PROC_23142_EXECUCAO_TRL\23142_22_7T8LSB_476263773_VISTO.pdf,33c447448f529b1b21a73151185b6d77cd3191e5b8410ad7e652352cd3e5d0c3,86.12,23142/22.7T8LSB,0.58,PARCIAL,N/A,NAO,10,0,0
223,23142_22_7T8LSB_476263773_VIST_alt.pdf,03_RESULTADOS\04_DOCUMENTOS_CITIUS_E_PECAS\ARQUIVO_OFICIAL_TRIBUNAL\PROC_23142_EXECUCAO_TRL\23142_22_7T8LSB_476263773_VIST_alt.pdf,33c447448f529b1b21a73151185b6d77cd3191e5b8410ad7e652352cd3e5d0c3,86.12,23142/22.7T8LSB,0.58,PARCIAL,N/A,NAO,10,0,0
224,23142_22_7T8LSB_476263785_ACORDAO.pdf,03_RESULTADOS\04_DOCUMENTOS_CITIUS_E_PECAS\ARQUIVO_OFICIAL_TRIBUNAL\PROC_23142_EXECUCAO_TRL\23142_22_7T8LSB_476263785_ACORDAO.pdf,960b93f1ae4291addc2a2adebe67b78919ff14edf8bd1daa286c0d379c88e9e8,90.11,23142/22.7T8LSB,1.0,DOCUMENTADO,N/A,NAO,17,0,0
225,23142_22_7T8LSB_476263785_ACOR_alt.pdf,03_RESULTADOS\04_DOCUMENTOS_CITIUS_E_PECAS\ARQUIVO_OFICIAL_TRIBUNAL\PROC_23142_EXECUCAO_TRL\23142_22_7T8LSB_476263785_ACOR_alt.pdf,960b93f1ae4291addc2a2adebe67b78919ff14edf8bd1daa286c0d379c88e9e8,90.11,23142/22.7T8LSB,1.0,DOCUMENTADO,N/A,NAO,17,0,0
226,23142_22_7T8LSB_476263787_DECISAO.pdf,03_RESULTADOS\04_DOCUMENTOS_CITIUS_E_PECAS\ARQUIVO_OFICIAL_TRIBUNAL\PROC_23142_EXECUCAO_TRL\23142_22_7T8LSB_476263787_DECISAO.pdf,7d998bcefe5191bb5cee8c75e62fbd207640a030dd7656815bbc3733e2c223d6,127.02,23142/22.7T8LSB,0.58,PARCIAL,N/A,NAO,14,0,0
227,23142_22_7T8LSB_476263787_DECI_alt.pdf,03_RESULTADOS\04_DOCUMENTOS_CITIUS_E_PECAS\ARQUIVO_OFICIAL_TRIBUNAL\PROC_23142_EXECUCAO_TRL\23142_22_7T8LSB_476263787_DECI_alt.pdf,7d998bcefe5191bb5cee8c75e62fbd207640a030dd7656815bbc3733e2c223d6,127.02,23142/22.7T8LSB,0.58,PARCIAL,N/A,NAO,14,0,0
228,23142_22_7T8LSB_476263790_CARTA_DEVOLVIDA.pdf,03_RESULTADOS\04_DOCUMENTOS_CITIUS_E_PECAS\ARQUIVO_OFICIAL_TRIBUNAL\PROC_23142_EXECUCAO_TRL\23142_22_7T8LSB_476263790_CARTA_DEVOLVIDA.pdf,c1a13ff607a4d2c62a93622773a5caf30ec5dd549a7745359f507f1dac471899,131.89,23142/22.7T8LSB,0.58,PARCIAL,N/A,NAO,23,0,0
229,23142_22_7T8LSB_476263790_CART_alt.pdf,03_RESULTADOS\04_DOCUMENTOS_CITIUS_E_PECAS\ARQUIVO_OFICIAL_TRIBUNAL\PROC_23142_EXECUCAO_TRL\23142_22_7T8LSB_476263790_CART_alt.pdf,c1a13ff607a4d2c62a93622773a5caf30ec5dd549a7745359f507f1dac471899,131.89,23142/22.7T8LSB,0.58,PARCIAL,N/A,NAO,23,0,0
230,23142_22_7T8LSB_476263791_CARTA_DEVOLVIDA.pdf,03_RESULTADOS\04_DOCUMENTOS_CITIUS_E_PECAS\ARQUIVO_OFICIAL_TRIBUNAL\PROC_23142_EXECUCAO_TRL\23142_22_7T8LSB_476263791_CARTA_DEVOLVIDA.pdf,f6eae2eb25b66067a01081139e82d6ca4699cd1af74025dc506ec546cd207719,127.28,23142/22.7T8LSB,0.58,PARCIAL,N/A,NAO,17,0,0
231,23142_22_7T8LSB_476263791_CART_alt.pdf,03_RESULTADOS\04_DOCUMENTOS_CITIUS_E_PECAS\ARQUIVO_OFICIAL_TRIBUNAL\PROC_23142_EXECUCAO_TRL\23142_22_7T8LSB_476263791_CART_alt.pdf,f6eae2eb25b66067a01081139e82d6ca4699cd1af74025dc506ec546cd207719,127.28,23142/22.7T8LSB,0.58,PARCIAL,N/A,NAO,17,0,0
232,23142_22_7T8LSB_476263792_COTA.pdf,03_RESULTADOS\04_DOCUMENTOS_CITIUS_E_PECAS\ARQUIVO_OFICIAL_TRIBUNAL\PROC_23142_EXECUCAO_TRL\23142_22_7T8LSB_476263792_COTA.pdf,8093f682ac8f298ea76be19d36e3cd8cebe184649ba6da08c2231de915165225,103.27,23142/22.7T8LSB,0.58,PARCIAL,N/A,NAO,16,0,0
233,23142_22_7T8LSB_476263792_COTA_alt.pdf,03_RESULTADOS\04_DOCUMENTOS_CITIUS_E_PECAS\ARQUIVO_OFICIAL_TRIBUNAL\PROC_23142_EXECUCAO_TRL\23142_22_7T8LSB_476263792_COTA_alt.pdf,8093f682ac8f298ea76be19d36e3cd8cebe184649ba6da08c2231de915165225,103.27,23142/22.7T8LSB,0.58,PARCIAL,N/A,NAO,16,0,0
234,23142_22_7T8LSB_476385761_CAPA.pdf,03_RESULTADOS\04_DOCUMENTOS_CITIUS_E_PECAS\ARQUIVO_OFICIAL_TRIBUNAL\PROC_23142_EXECUCAO_TRL\23142_22_7T8LSB_476385761_CAPA.pdf,44c62167c24d63e51538901321192bed1591a983343448bc572bbfb233330151,167.2,23142/22.7T8LSB,0.58,PARCIAL,N/A,NAO,24,0,0
235,23142_22_7T8LSB_476385761_CAPA_alt.pdf,03_RESULTADOS\04_DOCUMENTOS_CITIUS_E_PECAS\ARQUIVO_OFICIAL_TRIBUNAL\PROC_23142_EXECUCAO_TRL\23142_22_7T8LSB_476385761_CAPA_alt.pdf,44c62167c24d63e51538901321192bed1591a983343448bc572bbfb233330151,167.2,23142/22.7T8LSB,0.58,PARCIAL,N/A,NAO,24,0,0
236,23142_22_7T8LSB_476385874_DESPACHO.pdf,03_RESULTADOS\04_DOCUMENTOS_CITIUS_E_PECAS\ARQUIVO_OFICIAL_TRIBUNAL\PROC_23142_EXECUCAO_TRL\23142_22_7T8LSB_476385874_DESPACHO.pdf,b87e1115bd58a0219dd35efffdba88937d7d84a5ab153c14ca04b90724f0ca73,171.63,23142/22.7T8LSB,0.58,PARCIAL,N/A,NAO,21,0,0
237,23142_22_7T8LSB_476385874_DESP_alt.pdf,03_RESULTADOS\04_DOCUMENTOS_CITIUS_E_PECAS\ARQUIVO_OFICIAL_TRIBUNAL\PROC_23142_EXECUCAO_TRL\23142_22_7T8LSB_476385874_DESP_alt.pdf,b87e1115bd58a0219dd35efffdba88937d7d84a5ab153c14ca04b90724f0ca73,171.63,23142/22.7T8LSB,0.58,PARCIAL,N/A,NAO,21,0,0
238,23142_22_7T8LSB_476524189_NOTIFICACAO.pdf,03_RESULTADOS\04_DOCUMENTOS_CITIUS_E_PECAS\ARQUIVO_OFICIAL_TRIBUNAL\PROC_23142_EXECUCAO_TRL\23142_22_7T8LSB_476524189_NOTIFICACAO.pdf,ab3675da7ce9387cd4771fe7fa593df02c41a2b735d621334a29a10f46d811aa,107.46,23142/22.7T8LSB,1.0,DOCUMENTADO,N/A,NAO,18,0,0
239,23142_22_7T8LSB_476524189_NOTI_alt.pdf,03_RESULTADOS\04_DOCUMENTOS_CITIUS_E_PECAS\ARQUIVO_OFICIAL_TRIBUNAL\PROC_23142_EXECUCAO_TRL\23142_22_7T8LSB_476524189_NOTI_alt.pdf,ab3675da7ce9387cd4771fe7fa593df02c41a2b735d621334a29a10f46d811aa,107.46,23142/22.7T8LSB,1.0,DOCUMENTADO,N/A,NAO,18,0,0
240,23142_22_7T8LSB_476524192_NOTIFICACAO.pdf,03_RESULTADOS\04_DOCUMENTOS_CITIUS_E_PECAS\ARQUIVO_OFICIAL_TRIBUNAL\PROC_23142_EXECUCAO_TRL\23142_22_7T8LSB_476524192_NOTIFICACAO.pdf,ffeba7761df197444be162eba896d02141ba4ca2c2137835512137d6860dcc91,109.52,23142/22.7T8LSB,0.58,PARCIAL,N/A,NAO,20,0,0
241,23142_22_7T8LSB_476524192_NOTI_alt.pdf,03_RESULTADOS\04_DOCUMENTOS_CITIUS_E_PECAS\ARQUIVO_OFICIAL_TRIBUNAL\PROC_23142_EXECUCAO_TRL\23142_22_7T8LSB_476524192_NOTI_alt.pdf,ffeba7761df197444be162eba896d02141ba4ca2c2137835512137d6860dcc91,109.52,23142/22.7T8LSB,0.58,PARCIAL,N/A,NAO,20,0,0
242,23142_22_7T8LSB_476524193_NOTIFICACAO.pdf,03_RESULTADOS\04_DOCUMENTOS_CITIUS_E_PECAS\ARQUIVO_OFICIAL_TRIBUNAL\PROC_23142_EXECUCAO_TRL\23142_22_7T8LSB_476524193_NOTIFICACAO.pdf,ef0767d9ea065574e6c1c2c24b66363b85c34c98ae166beb5c309ae4e15689c6,110.3,23142/22.7T8LSB,0.58,PARCIAL,N/A,NAO,20,0,0
243,23142_22_7T8LSB_476524193_NOTI_alt.pdf,03_RESULTADOS\04_DOCUMENTOS_CITIUS_E_PECAS\ARQUIVO_OFICIAL_TRIBUNAL\PROC_23142_EXECUCAO_TRL\23142_22_7T8LSB_476524193_NOTI_alt.pdf,ef0767d9ea065574e6c1c2c24b66363b85c34c98ae166beb5c309ae4e15689c6,110.3,23142/22.7T8LSB,0.58,PARCIAL,N/A,NAO,20,0,0
244,23142_22_7T8LSB_477101480_DECISAO.pdf,03_RESULTADOS\04_DOCUMENTOS_CITIUS_E_PECAS\ARQUIVO_OFICIAL_TRIBUNAL\PROC_23142_EXECUCAO_TRL\23142_22_7T8LSB_477101480_DECISAO.pdf,ea478c88ccebd69ed9b8917315fe5c425729b53365beeb8984a63cf77c7417aa,26.8,23142/22.7T8LSB,0.58,PARCIAL,N/A,NAO,9,0,0
245,23142_22_7T8LSB_477101480_DECI_alt.pdf,03_RESULTADOS\04_DOCUMENTOS_CITIUS_E_PECAS\ARQUIVO_OFICIAL_TRIBUNAL\PROC_23142_EXECUCAO_TRL\23142_22_7T8LSB_477101480_DECI_alt.pdf,ea478c88ccebd69ed9b8917315fe5c425729b53365beeb8984a63cf77c7417aa,26.8,23142/22.7T8LSB,0.58,PARCIAL,N/A,NAO,9,0,0
246,23142_22_7T8LSB_REF_SEMREF_ATO_A_CLASSIFICAR_1.pdf,03_RESULTADOS\04_DOCUMENTOS_CITIUS_E_PECAS\ARQUIVO_OFICIAL_TRIBUNAL\PROC_23142_EXECUCAO_TRL\23142_22_7T8LSB_REF_SEMREF_ATO_A_CLASSIFICAR_1.pdf,1165d9ea97e52d8011cedd8da6a4c6b140ef0fc559182b61cba8837bfff814b3,1972.29,23142/22.7T8LSB,0.58,PARCIAL,N/A,NAO,31,1,0
247,23142_22_7T8LSB_REF_SEMREF_ATO_alt.pdf,03_RESULTADOS\04_DOCUMENTOS_CITIUS_E_PECAS\ARQUIVO_OFICIAL_TRIBUNAL\PROC_23142_EXECUCAO_TRL\23142_22_7T8LSB_REF_SEMREF_ATO_alt.pdf,1165d9ea97e52d8011cedd8da6a4c6b140ef0fc559182b61cba8837bfff814b3,1972.29,23142/22.7T8LSB,0.58,PARCIAL,N/A,NAO,31,1,0
248,23142_22_7T8LSB_REF_SEMREF_CONSULTA_REGISTO_AUTOMOVEL.pdf,03_RESULTADOS\04_DOCUMENTOS_CITIUS_E_PECAS\ARQUIVO_OFICIAL_TRIBUNAL\PROC_23142_EXECUCAO_TRL\23142_22_7T8LSB_REF_SEMREF_CONSULTA_REGISTO_AUTOMOVEL.pdf,834d12528121b63868236a3eb110a25c7a7ea77fdcee661f28715a56de4877c7,26.54,23142/22.7T8LSB,1.0,DOCUMENTADO,N/A,NAO,8,0,0
249,23142_22_7T8LSB_REF_SEMREF_CONSULTA_REGISTO_AUTOMOVEL_H39CFF187.pdf,03_RESULTADOS\04_DOCUMENTOS_CITIUS_E_PECAS\ARQUIVO_OFICIAL_TRIBUNAL\PROC_23142_EXECUCAO_TRL\23142_22_7T8LSB_REF_SEMREF_CONSULTA_REGISTO_AUTOMOVEL_H39CFF187.pdf,39cff187a89f3603463c0091e5dbe9ffdf6f05c09b65d2c1cf3942719e6a3181,22.53,23142/22.7T8LSB,1.0,DOCUMENTADO,N/A,NAO,8,0,0
250,23142_22_7T8LSB_REF_SEMREF_CONSULTA_REGISTO_AUTOMOVEL_H4B567E72.pdf,03_RESULTADOS\04_DOCUMENTOS_CITIUS_E_PECAS\ARQUIVO_OFICIAL_TRIBUNAL\PROC_23142_EXECUCAO_TRL\23142_22_7T8LSB_REF_SEMREF_CONSULTA_REGISTO_AUTOMOVEL_H4B567E72.pdf,4b567e7252c9afd96fa2d924ac7d0755dff8d27466ba5d58c75449799dd52716,22.53,23142/22.7T8LSB,1.0,DOCUMENTADO,N/A,NAO,8,0,0
251,23142_22_7T8LSB_REF_SEMREF_CONSULTA_REGISTO_AUTOMOVEL_H61870CBC.pdf,03_RESULTADOS\04_DOCUMENTOS_CITIUS_E_PECAS\ARQUIVO_OFICIAL_TRIBUNAL\PROC_23142_EXECUCAO_TRL\23142_22_7T8LSB_REF_SEMREF_CONSULTA_REGISTO_AUTOMOVEL_H61870CBC.pdf,61870cbc914800fd0392abf637265f0a091b1e6cc252629305a71d93b2c6f089,26.56,23142/22.7T8LSB,1.0,DOCUMENTADO,N/A,NAO,8,0,0
252,23142_22_7T8LSB_REF_SEMREF_CON_alt.pdf,03_RESULTADOS\04_DOCUMENTOS_CITIUS_E_PECAS\ARQUIVO_OFICIAL_TRIBUNAL\PROC_23142_EXECUCAO_TRL\23142_22_7T8LSB_REF_SEMREF_CON_alt.pdf,4b567e7252c9afd96fa2d924ac7d0755dff8d27466ba5d58c75449799dd52716,22.53,23142/22.7T8LSB,1.0,DOCUMENTADO,N/A,NAO,8,0,0
253,23142_22_7T8LSB_REF_SEMREF_DESPACHO.pdf,03_RESULTADOS\04_DOCUMENTOS_CITIUS_E_PECAS\ARQUIVO_OFICIAL_TRIBUNAL\PROC_23142_EXECUCAO_TRL\23142_22_7T8LSB_REF_SEMREF_DESPACHO.pdf,91216edc354405c54d928ba6fb6badaf01d82826016fb2bfdebb2ac204c1f523,25.92,23142/22.7T8LSB,1.0,DOCUMENTADO,N/A,NAO,7,0,0
254,23142_22_7T8LSB_REF_SEMREF_DES_alt.pdf,03_RESULTADOS\04_DOCUMENTOS_CITIUS_E_PECAS\ARQUIVO_OFICIAL_TRIBUNAL\PROC_23142_EXECUCAO_TRL\23142_22_7T8LSB_REF_SEMREF_DES_alt.pdf,91216edc354405c54d928ba6fb6badaf01d82826016fb2bfdebb2ac204c1f523,25.92,23142/22.7T8LSB,1.0,DOCUMENTADO,N/A,NAO,7,0,0
255,23142_22_7T8LSB_REF_SEMREF_SENTENCA.pdf,03_RESULTADOS\04_DOCUMENTOS_CITIUS_E_PECAS\ARQUIVO_OFICIAL_TRIBUNAL\PROC_23142_EXECUCAO_TRL\23142_22_7T8LSB_REF_SEMREF_SENTENCA.pdf,3095f036e0d72a16d789cb3fe62cdb496e7ae6057e04b0205fb59a81dabd4c6f,136.16,23142/22.7T8LSB,0.58,PARCIAL,N/A,NAO,41,10,0
256,23142_22_7T8LSB_REF_SEMREF_SEN_alt.pdf,03_RESULTADOS\04_DOCUMENTOS_CITIUS_E_PECAS\ARQUIVO_OFICIAL_TRIBUNAL\PROC_23142_EXECUCAO_TRL\23142_22_7T8LSB_REF_SEMREF_SEN_alt.pdf,3095f036e0d72a16d789cb3fe62cdb496e7ae6057e04b0205fb59a81dabd4c6f,136.16,23142/22.7T8LSB,0.58,PARCIAL,N/A,NAO,41,10,0
257,23142_22_7T8LSB__438309169__NOTIFICACAO.pdf,03_RESULTADOS\04_DOCUMENTOS_CITIUS_E_PECAS\ARQUIVO_OFICIAL_TRIBUNAL\PROC_23142_EXECUCAO_TRL\23142_22_7T8LSB__438309169__NOTIFICACAO.pdf,67879cc87ebbb41a067ab0f91635441f8c06a7960eb8bcceff73871e2ad3193a,180.1,23142/22.7T8LSB,0.58,PARCIAL,N/A,NAO,12,0,0
258,3719-25-0T8LSB_Requerimento_002_Proc_Cautelar.pdf,03_RESULTADOS\04_DOCUMENTOS_CITIUS_E_PECAS\ARQUIVO_OFICIAL_TRIBUNAL\PROC_3719_CAUTELAR_ARQUIVADO\3719-25-0T8LSB_Requerimento_002_Proc_Cautelar.pdf,0da85d71d03c15df04393e402a61e580969e3affb99e227d40b97bfca96cdbeb,130.89,3719/25.0T8LSB,0.58,PARCIAL,N/A,NAO,40,6,0
259,3719-25-0T8LSB_Requerimento_00_alt.pdf,03_RESULTADOS\04_DOCUMENTOS_CITIUS_E_PECAS\ARQUIVO_OFICIAL_TRIBUNAL\PROC_3719_CAUTELAR_ARQUIVADO\3719-25-0T8LSB_Requerimento_00_alt.pdf,0da85d71d03c15df04393e402a61e580969e3affb99e227d40b97bfca96cdbeb,130.89,3719/25.0T8LSB,0.58,PARCIAL,N/A,NAO,40,6,0
260,3719_25_0T8LSB_24500112_ATO_A_CLASSIFICAR.pdf,03_RESULTADOS\04_DOCUMENTOS_CITIUS_E_PECAS\ARQUIVO_OFICIAL_TRIBUNAL\PROC_3719_CAUTELAR_ARQUIVADO\3719_25_0T8LSB_24500112_ATO_A_CLASSIFICAR.pdf,47778870b130505ce455a9c09a166678c14119e9067a44aee835b88b139c11ed,96.99,3719/25.0T8LSB,0.58,PARCIAL,N/A,NAO,11,0,0
261,3719_25_0T8LSB_24500112_ATO_A__alt.pdf,03_RESULTADOS\04_DOCUMENTOS_CITIUS_E_PECAS\ARQUIVO_OFICIAL_TRIBUNAL\PROC_3719_CAUTELAR_ARQUIVADO\3719_25_0T8LSB_24500112_ATO_A__alt.pdf,47778870b130505ce455a9c09a166678c14119e9067a44aee835b88b139c11ed,96.99,3719/25.0T8LSB,0.58,PARCIAL,N/A,NAO,11,0,0
262,3719_25_0T8LSB_24500116_ATO_A_CLASSIFICAR.pdf,03_RESULTADOS\04_DOCUMENTOS_CITIUS_E_PECAS\ARQUIVO_OFICIAL_TRIBUNAL\PROC_3719_CAUTELAR_ARQUIVADO\3719_25_0T8LSB_24500116_ATO_A_CLASSIFICAR.pdf,701ddeffa8f4458548ecfd6dc2cf55eacc842bde0715afa27f478921a85f2aaa,89.08,3719/25.0T8LSB,0.58,PARCIAL,N/A,NAO,10,0,0
263,3719_25_0T8LSB_24500116_ATO_A__alt.pdf,03_RESULTADOS\04_DOCUMENTOS_CITIUS_E_PECAS\ARQUIVO_OFICIAL_TRIBUNAL\PROC_3719_CAUTELAR_ARQUIVADO\3719_25_0T8LSB_24500116_ATO_A__alt.pdf,701ddeffa8f4458548ecfd6dc2cf55eacc842bde0715afa27f478921a85f2aaa,89.08,3719/25.0T8LSB,0.58,PARCIAL,N/A,NAO,10,0,0
264,3719_25_0T8LSB_24533043_ATO_A_CLASSIFICAR.pdf,03_RESULTADOS\04_DOCUMENTOS_CITIUS_E_PECAS\ARQUIVO_OFICIAL_TRIBUNAL\PROC_3719_CAUTELAR_ARQUIVADO\3719_25_0T8LSB_24533043_ATO_A_CLASSIFICAR.pdf,ea1ad4723d6217efc055f136650901915dfedf624ffebc70a8c06468e43eee1d,131.72,3719/25.0T8LSB,0.58,PARCIAL,N/A,NAO,16,0,0
265,3719_25_0T8LSB_24533043_ATO_A__alt.pdf,03_RESULTADOS\04_DOCUMENTOS_CITIUS_E_PECAS\ARQUIVO_OFICIAL_TRIBUNAL\PROC_3719_CAUTELAR_ARQUIVADO\3719_25_0T8LSB_24533043_ATO_A__alt.pdf,ea1ad4723d6217efc055f136650901915dfedf624ffebc70a8c06468e43eee1d,131.72,3719/25.0T8LSB,0.58,PARCIAL,N/A,NAO,16,0,0
266,3719_25_0T8LSB_24552886_NOTIFICACAO.pdf,03_RESULTADOS\04_DOCUMENTOS_CITIUS_E_PECAS\ARQUIVO_OFICIAL_TRIBUNAL\PROC_3719_CAUTELAR_ARQUIVADO\3719_25_0T8LSB_24552886_NOTIFICACAO.pdf,9e204569aef43fc721da22834bfe8fcfb230dbbafbc7e98dddff4c4ec098d10f,87.34,3719/25.0T8LSB,1.0,DOCUMENTADO,N/A,NAO,15,0,0
267,3719_25_0T8LSB_24552886_NOTIFI_alt.pdf,03_RESULTADOS\04_DOCUMENTOS_CITIUS_E_PECAS\ARQUIVO_OFICIAL_TRIBUNAL\PROC_3719_CAUTELAR_ARQUIVADO\3719_25_0T8LSB_24552886_NOTIFI_alt.pdf,9e204569aef43fc721da22834bfe8fcfb230dbbafbc7e98dddff4c4ec098d10f,87.34,3719/25.0T8LSB,1.0,DOCUMENTADO,N/A,NAO,15,0,0
268,3719_25_0T8LSB_24552950_NOTIFICACAO.pdf,03_RESULTADOS\04_DOCUMENTOS_CITIUS_E_PECAS\ARQUIVO_OFICIAL_TRIBUNAL\PROC_3719_CAUTELAR_ARQUIVADO\3719_25_0T8LSB_24552950_NOTIFICACAO.pdf,dd9d98ce689f4175da5b9d8d852cb31293cc0087fb3bc8d8ab317d6b2d06a790,87.23,3719/25.0T8LSB,1.0,DOCUMENTADO,N/A,NAO,15,0,0
269,3719_25_0T8LSB_24552950_NOTIFI_alt.pdf,03_RESULTADOS\04_DOCUMENTOS_CITIUS_E_PECAS\ARQUIVO_OFICIAL_TRIBUNAL\PROC_3719_CAUTELAR_ARQUIVADO\3719_25_0T8LSB_24552950_NOTIFI_alt.pdf,dd9d98ce689f4175da5b9d8d852cb31293cc0087fb3bc8d8ab317d6b2d06a790,87.23,3719/25.0T8LSB,1.0,DOCUMENTADO,N/A,NAO,15,0,0
270,3719_25_0T8LSB_24552956_NOTIFICACAO.pdf,03_RESULTADOS\04_DOCUMENTOS_CITIUS_E_PECAS\ARQUIVO_OFICIAL_TRIBUNAL\PROC_3719_CAUTELAR_ARQUIVADO\3719_25_0T8LSB_24552956_NOTIFICACAO.pdf,625fc088f2f2176065b233188a84f2f5a7d1c8784c4e3f85e8f5b5d8bf1804ef,87.36,3719/25.0T8LSB,1.0,DOCUMENTADO,N/A,NAO,15,0,0
271,3719_25_0T8LSB_24552956_NOTIFI_alt.pdf,03_RESULTADOS\04_DOCUMENTOS_CITIUS_E_PECAS\ARQUIVO_OFICIAL_TRIBUNAL\PROC_3719_CAUTELAR_ARQUIVADO\3719_25_0T8LSB_24552956_NOTIFI_alt.pdf,625fc088f2f2176065b233188a84f2f5a7d1c8784c4e3f85e8f5b5d8bf1804ef,87.36,3719/25.0T8LSB,1.0,DOCUMENTADO,N/A,NAO,15,0,0
272,3719_25_0T8LSB_24553122_ATO_A_CLASSIFICAR.pdf,03_RESULTADOS\04_DOCUMENTOS_CITIUS_E_PECAS\ARQUIVO_OFICIAL_TRIBUNAL\PROC_3719_CAUTELAR_ARQUIVADO\3719_25_0T8LSB_24553122_ATO_A_CLASSIFICAR.pdf,de2b96e3cee12a1c142cdbb41be02c3e17291836908b26f5e4238b19b296f1cb,111.54,3719/25.0T8LSB,0.58,PARCIAL,N/A,NAO,18,0,0
273,3719_25_0T8LSB_24553122_ATO_A__alt.pdf,03_RESULTADOS\04_DOCUMENTOS_CITIUS_E_PECAS\ARQUIVO_OFICIAL_TRIBUNAL\PROC_3719_CAUTELAR_ARQUIVADO\3719_25_0T8LSB_24553122_ATO_A__alt.pdf,de2b96e3cee12a1c142cdbb41be02c3e17291836908b26f5e4238b19b296f1cb,111.54,3719/25.0T8LSB,0.58,PARCIAL,N/A,NAO,18,0,0
274,3719_25_0T8LSB_24652430_ATO_A_CLASSIFICAR.pdf,03_RESULTADOS\04_DOCUMENTOS_CITIUS_E_PECAS\ARQUIVO_OFICIAL_TRIBUNAL\PROC_3719_CAUTELAR_ARQUIVADO\3719_25_0T8LSB_24652430_ATO_A_CLASSIFICAR.pdf,ec2656b82db3e1ef9d8f19653c9533a4e75194f996f504cd2dd7aa912a4b6975,87.53,3719/25.0T8LSB,1.0,DOCUMENTADO,N/A,NAO,15,0,0
275,3719_25_0T8LSB_24652430_ATO_A__alt.pdf,03_RESULTADOS\04_DOCUMENTOS_CITIUS_E_PECAS\ARQUIVO_OFICIAL_TRIBUNAL\PROC_3719_CAUTELAR_ARQUIVADO\3719_25_0T8LSB_24652430_ATO_A__alt.pdf,ec2656b82db3e1ef9d8f19653c9533a4e75194f996f504cd2dd7aa912a4b6975,87.53,3719/25.0T8LSB,1.0,DOCUMENTADO,N/A,NAO,15,0,0
276,3719_25_0T8LSB_442703258_DESPACHO.pdf,03_RESULTADOS\04_DOCUMENTOS_CITIUS_E_PECAS\ARQUIVO_OFICIAL_TRIBUNAL\PROC_3719_CAUTELAR_ARQUIVADO\3719_25_0T8LSB_442703258_DESPACHO.pdf,c2bf4ab1b83cefa7d9333b89f1b87b895a6896c6273438b8b90dbe5a6b9852fe,106.01,3719/25.0T8LSB,1.0,DOCUMENTADO,N/A,NAO,21,0,0
277,3719_25_0T8LSB_442703258_DESPA_alt.pdf,03_RESULTADOS\04_DOCUMENTOS_CITIUS_E_PECAS\ARQUIVO_OFICIAL_TRIBUNAL\PROC_3719_CAUTELAR_ARQUIVADO\3719_25_0T8LSB_442703258_DESPA_alt.pdf,c2bf4ab1b83cefa7d9333b89f1b87b895a6896c6273438b8b90dbe5a6b9852fe,106.01,3719/25.0T8LSB,1.0,DOCUMENTADO,N/A,NAO,21,0,0
278,3719_25_0T8LSB_447104840_DESPACHO.pdf,03_RESULTADOS\04_DOCUMENTOS_CITIUS_E_PECAS\ARQUIVO_OFICIAL_TRIBUNAL\PROC_3719_CAUTELAR_ARQUIVADO\3719_25_0T8LSB_447104840_DESPACHO.pdf,b99fd2c300a29571d42dc03fc9f4ec877d9e5f0b0a3a97f30c103f9ec50630a2,83.85,3719/25.0T8LSB,1.0,DOCUMENTADO,N/A,NAO,15,0,0
279,3719_25_0T8LSB_447104840_DESPA_alt.pdf,03_RESULTADOS\04_DOCUMENTOS_CITIUS_E_PECAS\ARQUIVO_OFICIAL_TRIBUNAL\PROC_3719_CAUTELAR_ARQUIVADO\3719_25_0T8LSB_447104840_DESPA_alt.pdf,b99fd2c300a29571d42dc03fc9f4ec877d9e5f0b0a3a97f30c103f9ec50630a2,83.85,3719/25.0T8LSB,1.0,DOCUMENTADO,N/A,NAO,15,0,0
280,3719_25_0T8LSB_447617_DESPACHO.pdf,03_RESULTADOS\04_DOCUMENTOS_CITIUS_E_PECAS\ARQUIVO_OFICIAL_TRIBUNAL\PROC_3719_CAUTELAR_ARQUIVADO\3719_25_0T8LSB_447617_DESPACHO.pdf,09e1563a3636c8317a0db93fcf9874e60e539409f00874428b332b6be6d28423,156.86,3719/25.0T8LSB,1.0,DOCUMENTADO,N/A,NAO,22,0,0
281,3719_25_0T8LSB_447617_DESPACHO_alt.pdf,03_RESULTADOS\04_DOCUMENTOS_CITIUS_E_PECAS\ARQUIVO_OFICIAL_TRIBUNAL\PROC_3719_CAUTELAR_ARQUIVADO\3719_25_0T8LSB_447617_DESPACHO_alt.pdf,09e1563a3636c8317a0db93fcf9874e60e539409f00874428b332b6be6d28423,156.86,3719/25.0T8LSB,1.0,DOCUMENTADO,N/A,NAO,22,0,0
282,3719_25_0T8LSB_448170252_ATO_A_CLASSIFICAR.pdf,03_RESULTADOS\04_DOCUMENTOS_CITIUS_E_PECAS\ARQUIVO_OFICIAL_TRIBUNAL\PROC_3719_CAUTELAR_ARQUIVADO\3719_25_0T8LSB_448170252_ATO_A_CLASSIFICAR.pdf,3a5089ec4d80cbee0e07cbf3016e8d811ec54e8a180db7609ed552a6eb0196bf,98.86,3719/25.0T8LSB,0.58,PARCIAL,N/A,NAO,9,0,0
283,3719_25_0T8LSB_448170252_ATO_A_alt.pdf,03_RESULTADOS\04_DOCUMENTOS_CITIUS_E_PECAS\ARQUIVO_OFICIAL_TRIBUNAL\PROC_3719_CAUTELAR_ARQUIVADO\3719_25_0T8LSB_448170252_ATO_A_alt.pdf,3a5089ec4d80cbee0e07cbf3016e8d811ec54e8a180db7609ed552a6eb0196bf,98.86,3719/25.0T8LSB,0.58,PARCIAL,N/A,NAO,9,0,0
284,3719_25_0T8LSB_448298565_DESPACHO.pdf,03_RESULTADOS\04_DOCUMENTOS_CITIUS_E_PECAS\ARQUIVO_OFICIAL_TRIBUNAL\PROC_3719_CAUTELAR_ARQUIVADO\3719_25_0T8LSB_448298565_DESPACHO.pdf,5cb27d26ae16776477a21dd121f221cfc87199f64b6f6dd82fa784b618446624,83.81,3719/25.0T8LSB,1.0,DOCUMENTADO,N/A,NAO,15,0,0
285,3719_25_0T8LSB_448298565_DESPA_alt.pdf,03_RESULTADOS\04_DOCUMENTOS_CITIUS_E_PECAS\ARQUIVO_OFICIAL_TRIBUNAL\PROC_3719_CAUTELAR_ARQUIVADO\3719_25_0T8LSB_448298565_DESPA_alt.pdf,5cb27d26ae16776477a21dd121f221cfc87199f64b6f6dd82fa784b618446624,83.81,3719/25.0T8LSB,1.0,DOCUMENTADO,N/A,NAO,15,0,0
286,3719_25_0T8LSB_448298570_DESPACHO.pdf,03_RESULTADOS\04_DOCUMENTOS_CITIUS_E_PECAS\ARQUIVO_OFICIAL_TRIBUNAL\PROC_3719_CAUTELAR_ARQUIVADO\3719_25_0T8LSB_448298570_DESPACHO.pdf,4f9a33c9e8630c2af5c9a24d7e4e658e7f453cddff3782173cc603d6cf171a24,84.43,3719/25.0T8LSB,1.0,DOCUMENTADO,N/A,NAO,15,0,0
287,3719_25_0T8LSB_448298570_DESPA_alt.pdf,03_RESULTADOS\04_DOCUMENTOS_CITIUS_E_PECAS\ARQUIVO_OFICIAL_TRIBUNAL\PROC_3719_CAUTELAR_ARQUIVADO\3719_25_0T8LSB_448298570_DESPA_alt.pdf,4f9a33c9e8630c2af5c9a24d7e4e658e7f453cddff3782173cc603d6cf171a24,84.43,3719/25.0T8LSB,1.0,DOCUMENTADO,N/A,NAO,15,0,0
288,3719_25_0T8LSB_448679186_DESPACHO.pdf,03_RESULTADOS\04_DOCUMENTOS_CITIUS_E_PECAS\ARQUIVO_OFICIAL_TRIBUNAL\PROC_3719_CAUTELAR_ARQUIVADO\3719_25_0T8LSB_448679186_DESPACHO.pdf,03fd0ebdbb1e3a4275c47bca2af1732cde690e53ecceb158846cd50dd6f4f40c,84.26,3719/25.0T8LSB,1.0,DOCUMENTADO,N/A,NAO,15,0,0
289,3719_25_0T8LSB_448679186_DESPA_alt.pdf,03_RESULTADOS\04_DOCUMENTOS_CITIUS_E_PECAS\ARQUIVO_OFICIAL_TRIBUNAL\PROC_3719_CAUTELAR_ARQUIVADO\3719_25_0T8LSB_448679186_DESPA_alt.pdf,03fd0ebdbb1e3a4275c47bca2af1732cde690e53ecceb158846cd50dd6f4f40c,84.26,3719/25.0T8LSB,1.0,DOCUMENTADO,N/A,NAO,15,0,0
290,3719_25_0T8LSB_448679187_DESPACHO.pdf,03_RESULTADOS\04_DOCUMENTOS_CITIUS_E_PECAS\ARQUIVO_OFICIAL_TRIBUNAL\PROC_3719_CAUTELAR_ARQUIVADO\3719_25_0T8LSB_448679187_DESPACHO.pdf,b1328f54e94b438bd5941937604042ba1d9b7a097172c5c339e20779a0311768,84.21,3719/25.0T8LSB,1.0,DOCUMENTADO,N/A,NAO,15,0,0
291,3719_25_0T8LSB_448679187_DESPA_alt.pdf,03_RESULTADOS\04_DOCUMENTOS_CITIUS_E_PECAS\ARQUIVO_OFICIAL_TRIBUNAL\PROC_3719_CAUTELAR_ARQUIVADO\3719_25_0T8LSB_448679187_DESPA_alt.pdf,b1328f54e94b438bd5941937604042ba1d9b7a097172c5c339e20779a0311768,84.21,3719/25.0T8LSB,1.0,DOCUMENTADO,N/A,NAO,15,0,0
292,3719_25_0T8LSB_449466589_NOTIFICACAO.pdf,03_RESULTADOS\04_DOCUMENTOS_CITIUS_E_PECAS\ARQUIVO_OFICIAL_TRIBUNAL\PROC_3719_CAUTELAR_ARQUIVADO\3719_25_0T8LSB_449466589_NOTIFICACAO.pdf,1e77b9967912f976b2e15e45b40b5b0ae8bd0c88cb3a34632dc9fdf1e9252292,87.69,3719/25.0T8LSB,1.0,DOCUMENTADO,N/A,NAO,15,0,0
293,3719_25_0T8LSB_449466589_NOTIF_alt.pdf,03_RESULTADOS\04_DOCUMENTOS_CITIUS_E_PECAS\ARQUIVO_OFICIAL_TRIBUNAL\PROC_3719_CAUTELAR_ARQUIVADO\3719_25_0T8LSB_449466589_NOTIF_alt.pdf,1e77b9967912f976b2e15e45b40b5b0ae8bd0c88cb3a34632dc9fdf1e9252292,87.69,3719/25.0T8LSB,1.0,DOCUMENTADO,N/A,NAO,15,0,0
294,3719_25_0T8LSB_449804106_NOTIFICACAO.pdf,03_RESULTADOS\04_DOCUMENTOS_CITIUS_E_PECAS\ARQUIVO_OFICIAL_TRIBUNAL\PROC_3719_CAUTELAR_ARQUIVADO\3719_25_0T8LSB_449804106_NOTIFICACAO.pdf,3fac623e109738913e2f79d6f62ebb7a4fb37312f519a4d8d3091b1e2829b594,159.09,3719/25.0T8LSB,0.58,PARCIAL,N/A,NAO,25,0,0
295,3719_25_0T8LSB_449804106_NOTIF_alt.pdf,03_RESULTADOS\04_DOCUMENTOS_CITIUS_E_PECAS\ARQUIVO_OFICIAL_TRIBUNAL\PROC_3719_CAUTELAR_ARQUIVADO\3719_25_0T8LSB_449804106_NOTIF_alt.pdf,3fac623e109738913e2f79d6f62ebb7a4fb37312f519a4d8d3091b1e2829b594,159.09,3719/25.0T8LSB,0.58,PARCIAL,N/A,NAO,25,0,0
296,3719_25_0T8LSB_449806334_NOTIFICACAO.pdf,03_RESULTADOS\04_DOCUMENTOS_CITIUS_E_PECAS\ARQUIVO_OFICIAL_TRIBUNAL\PROC_3719_CAUTELAR_ARQUIVADO\3719_25_0T8LSB_449806334_NOTIFICACAO.pdf,1c2e257bcbc9cf832acb6b7867bd44798581714b55a6d1e6b6746813da071608,158.34,3719/25.0T8LSB,0.58,PARCIAL,N/A,NAO,25,0,0
297,3719_25_0T8LSB_449806334_NOTIF_alt.pdf,03_RESULTADOS\04_DOCUMENTOS_CITIUS_E_PECAS\ARQUIVO_OFICIAL_TRIBUNAL\PROC_3719_CAUTELAR_ARQUIVADO\3719_25_0T8LSB_449806334_NOTIF_alt.pdf,1c2e257bcbc9cf832acb6b7867bd44798581714b55a6d1e6b6746813da071608,158.34,3719/25.0T8LSB,0.58,PARCIAL,N/A,NAO,25,0,0
298,3719_25_0T8LSB_449806337_NOTIFICACAO.pdf,03_RESULTADOS\04_DOCUMENTOS_CITIUS_E_PECAS\ARQUIVO_OFICIAL_TRIBUNAL\PROC_3719_CAUTELAR_ARQUIVADO\3719_25_0T8LSB_449806337_NOTIFICACAO.pdf,649193a1a2f6264e3664e14e39c1898f655fcd3777bdf7b68f0d5cec7893bbb9,158.25,3719/25.0T8LSB,0.58,PARCIAL,N/A,NAO,25,0,0
299,3719_25_0T8LSB_449806337_NOTIF_alt.pdf,03_RESULTADOS\04_DOCUMENTOS_CITIUS_E_PECAS\ARQUIVO_OFICIAL_TRIBUNAL\PROC_3719_CAUTELAR_ARQUIVADO\3719_25_0T8LSB_449806337_NOTIF_alt.pdf,649193a1a2f6264e3664e14e39c1898f655fcd3777bdf7b68f0d5cec7893bbb9,158.25,3719/25.0T8LSB,0.58,PARCIAL,N/A,NAO,25,0,0
300,3719_25_0T8LSB_449806338_NOTIFICACAO.pdf,03_RESULTADOS\04_DOCUMENTOS_CITIUS_E_PECAS\ARQUIVO_OFICIAL_TRIBUNAL\PROC_3719_CAUTELAR_ARQUIVADO\3719_25_0T8LSB_449806338_NOTIFICACAO.pdf,dcbe72c05485ed923eb5fd148c4712c40d5d99ac9268bf4c3cb32a8521c466d6,158.64,3719/25.0T8LSB,0.58,PARCIAL,N/A,NAO,25,0,0
301,3719_25_0T8LSB_449806338_NOTIF_alt.pdf,03_RESULTADOS\04_DOCUMENTOS_CITIUS_E_PECAS\ARQUIVO_OFICIAL_TRIBUNAL\PROC_3719_CAUTELAR_ARQUIVADO\3719_25_0T8LSB_449806338_NOTIF_alt.pdf,dcbe72c05485ed923eb5fd148c4712c40d5d99ac9268bf4c3cb32a8521c466d6,158.64,3719/25.0T8LSB,0.58,PARCIAL,N/A,NAO,25,0,0
302,3719_25_0T8LSB_449806343_NOTIFICACAO.pdf,03_RESULTADOS\04_DOCUMENTOS_CITIUS_E_PECAS\ARQUIVO_OFICIAL_TRIBUNAL\PROC_3719_CAUTELAR_ARQUIVADO\3719_25_0T8LSB_449806343_NOTIFICACAO.pdf,94089ba83b6dedfc4b27493160a46082d23824c61e10009c7046633f22d14904,158.44,3719/25.0T8LSB,0.58,PARCIAL,N/A,NAO,25,0,0
303,3719_25_0T8LSB_449806343_NOTIF_alt.pdf,03_RESULTADOS\04_DOCUMENTOS_CITIUS_E_PECAS\ARQUIVO_OFICIAL_TRIBUNAL\PROC_3719_CAUTELAR_ARQUIVADO\3719_25_0T8LSB_449806343_NOTIF_alt.pdf,94089ba83b6dedfc4b27493160a46082d23824c61e10009c7046633f22d14904,158.44,3719/25.0T8LSB,0.58,PARCIAL,N/A,NAO,25,0,0
304,3719_25_0T8LSB_449806355_NOTIFICACAO.pdf,03_RESULTADOS\04_DOCUMENTOS_CITIUS_E_PECAS\ARQUIVO_OFICIAL_TRIBUNAL\PROC_3719_CAUTELAR_ARQUIVADO\3719_25_0T8LSB_449806355_NOTIFICACAO.pdf,dab4361a59920155184fa04dd9ff616e16f084b4681e2eabda0aecced0333d3f,158.44,3719/25.0T8LSB,0.58,PARCIAL,N/A,NAO,25,0,0
305,3719_25_0T8LSB_449806355_NOTIF_alt.pdf,03_RESULTADOS\04_DOCUMENTOS_CITIUS_E_PECAS\ARQUIVO_OFICIAL_TRIBUNAL\PROC_3719_CAUTELAR_ARQUIVADO\3719_25_0T8LSB_449806355_NOTIF_alt.pdf,dab4361a59920155184fa04dd9ff616e16f084b4681e2eabda0aecced0333d3f,158.44,3719/25.0T8LSB,0.58,PARCIAL,N/A,NAO,25,0,0
306,3719_25_0T8LSB_449806361_NOTIFICACAO.pdf,03_RESULTADOS\04_DOCUMENTOS_CITIUS_E_PECAS\ARQUIVO_OFICIAL_TRIBUNAL\PROC_3719_CAUTELAR_ARQUIVADO\3719_25_0T8LSB_449806361_NOTIFICACAO.pdf,f74f7606b52101a99216cea238224943eec7c1b26fc77ebb7a222b58671e0de0,157.95,3719/25.0T8LSB,0.58,PARCIAL,N/A,NAO,25,0,0
307,3719_25_0T8LSB_449806361_NOTIF_alt.pdf,03_RESULTADOS\04_DOCUMENTOS_CITIUS_E_PECAS\ARQUIVO_OFICIAL_TRIBUNAL\PROC_3719_CAUTELAR_ARQUIVADO\3719_25_0T8LSB_449806361_NOTIF_alt.pdf,f74f7606b52101a99216cea238224943eec7c1b26fc77ebb7a222b58671e0de0,157.95,3719/25.0T8LSB,0.58,PARCIAL,N/A,NAO,25,0,0
308,3719_25_0T8LSB_449806812_NOTIFICACAO.pdf,03_RESULTADOS\04_DOCUMENTOS_CITIUS_E_PECAS\ARQUIVO_OFICIAL_TRIBUNAL\PROC_3719_CAUTELAR_ARQUIVADO\3719_25_0T8LSB_449806812_NOTIFICACAO.pdf,dad888e5448f29caf02ca65664f564c838dddcd3b37086db6230319780c99e71,89.0,3719/25.0T8LSB,1.0,DOCUMENTADO,N/A,NAO,17,0,0
309,3719_25_0T8LSB_449806812_NOTIF_alt.pdf,03_RESULTADOS\04_DOCUMENTOS_CITIUS_E_PECAS\ARQUIVO_OFICIAL_TRIBUNAL\PROC_3719_CAUTELAR_ARQUIVADO\3719_25_0T8LSB_449806812_NOTIF_alt.pdf,dad888e5448f29caf02ca65664f564c838dddcd3b37086db6230319780c99e71,89.0,3719/25.0T8LSB,1.0,DOCUMENTADO,N/A,NAO,17,0,0
310,3719_25_0T8LSB_449806819_NOTIFICACAO.pdf,03_RESULTADOS\04_DOCUMENTOS_CITIUS_E_PECAS\ARQUIVO_OFICIAL_TRIBUNAL\PROC_3719_CAUTELAR_ARQUIVADO\3719_25_0T8LSB_449806819_NOTIFICACAO.pdf,b10c35ff56a48cd94b670cf861b2d44a574280c531547ac3b009207618fbca61,89.13,3719/25.0T8LSB,1.0,DOCUMENTADO,N/A,NAO,17,0,0
311,3719_25_0T8LSB_449806819_NOTIF_alt.pdf,03_RESULTADOS\04_DOCUMENTOS_CITIUS_E_PECAS\ARQUIVO_OFICIAL_TRIBUNAL\PROC_3719_CAUTELAR_ARQUIVADO\3719_25_0T8LSB_449806819_NOTIF_alt.pdf,b10c35ff56a48cd94b670cf861b2d44a574280c531547ac3b009207618fbca61,89.13,3719/25.0T8LSB,1.0,DOCUMENTADO,N/A,NAO,17,0,0
312,3719_25_0T8LSB_449806988_NOTIFICACAO.pdf,03_RESULTADOS\04_DOCUMENTOS_CITIUS_E_PECAS\ARQUIVO_OFICIAL_TRIBUNAL\PROC_3719_CAUTELAR_ARQUIVADO\3719_25_0T8LSB_449806988_NOTIFICACAO.pdf,da2b67c86abd67f1c822a85adc2e51460af6dc4893ce74deb73cfaaa1e7b4d78,110.84,3719/25.0T8LSB,0.58,PARCIAL,N/A,NAO,20,0,0
313,3719_25_0T8LSB_449806988_NOTIF_alt.pdf,03_RESULTADOS\04_DOCUMENTOS_CITIUS_E_PECAS\ARQUIVO_OFICIAL_TRIBUNAL\PROC_3719_CAUTELAR_ARQUIVADO\3719_25_0T8LSB_449806988_NOTIF_alt.pdf,da2b67c86abd67f1c822a85adc2e51460af6dc4893ce74deb73cfaaa1e7b4d78,110.84,3719/25.0T8LSB,0.58,PARCIAL,N/A,NAO,20,0,0
314,3719_25_0T8LSB_450048704_NOTIFICACAO.pdf,03_RESULTADOS\04_DOCUMENTOS_CITIUS_E_PECAS\ARQUIVO_OFICIAL_TRIBUNAL\PROC_3719_CAUTELAR_ARQUIVADO\3719_25_0T8LSB_450048704_NOTIFICACAO.pdf,ecb7c01266ba215121919c5ab9b8c6daf04ad3443359d292c2464d2e281364e9,88.86,3719/25.0T8LSB,1.0,DOCUMENTADO,N/A,NAO,15,0,0
315,3719_25_0T8LSB_450048704_NOTIF_alt.pdf,03_RESULTADOS\04_DOCUMENTOS_CITIUS_E_PECAS\ARQUIVO_OFICIAL_TRIBUNAL\PROC_3719_CAUTELAR_ARQUIVADO\3719_25_0T8LSB_450048704_NOTIF_alt.pdf,ecb7c01266ba215121919c5ab9b8c6daf04ad3443359d292c2464d2e281364e9,88.86,3719/25.0T8LSB,1.0,DOCUMENTADO,N/A,NAO,15,0,0
316,3719_25_0T8LSB_450226080_NOTIFICACAO.pdf,03_RESULTADOS\04_DOCUMENTOS_CITIUS_E_PECAS\ARQUIVO_OFICIAL_TRIBUNAL\PROC_3719_CAUTELAR_ARQUIVADO\3719_25_0T8LSB_450226080_NOTIFICACAO.pdf,05c6dd8f4b34af5da354d8c6d9b61090b732c4712127c3654850c454b0bc1be8,157.79,3719/25.0T8LSB,0.58,PARCIAL,N/A,NAO,25,0,0
317,3719_25_0T8LSB_450226080_NOTIF_alt.pdf,03_RESULTADOS\04_DOCUMENTOS_CITIUS_E_PECAS\ARQUIVO_OFICIAL_TRIBUNAL\PROC_3719_CAUTELAR_ARQUIVADO\3719_25_0T8LSB_450226080_NOTIF_alt.pdf,05c6dd8f4b34af5da354d8c6d9b61090b732c4712127c3654850c454b0bc1be8,157.79,3719/25.0T8LSB,0.58,PARCIAL,N/A,NAO,25,0,0
318,3719_25_0T8LSB_450227416_NOTIFICACAO.pdf,03_RESULTADOS\04_DOCUMENTOS_CITIUS_E_PECAS\ARQUIVO_OFICIAL_TRIBUNAL\PROC_3719_CAUTELAR_ARQUIVADO\3719_25_0T8LSB_450227416_NOTIFICACAO.pdf,a85063af328890e7a9c50d276d697debfd9e8a3b5aa6f95ee01085d2bf7f873f,158.39,3719/25.0T8LSB,0.58,PARCIAL,N/A,NAO,25,0,0
319,3719_25_0T8LSB_450227416_NOTIF_alt.pdf,03_RESULTADOS\04_DOCUMENTOS_CITIUS_E_PECAS\ARQUIVO_OFICIAL_TRIBUNAL\PROC_3719_CAUTELAR_ARQUIVADO\3719_25_0T8LSB_450227416_NOTIF_alt.pdf,a85063af328890e7a9c50d276d697debfd9e8a3b5aa6f95ee01085d2bf7f873f,158.39,3719/25.0T8LSB,0.58,PARCIAL,N/A,NAO,25,0,0
320,3719_25_0T8LSB_450227419_NOTIFICACAO.pdf,03_RESULTADOS\04_DOCUMENTOS_CITIUS_E_PECAS\ARQUIVO_OFICIAL_TRIBUNAL\PROC_3719_CAUTELAR_ARQUIVADO\3719_25_0T8LSB_450227419_NOTIFICACAO.pdf,9929e48555faaf7508f10dfabb04f4658d5d8c1f3c03a39ce86fc6f8d36647d3,158.05,3719/25.0T8LSB,0.58,PARCIAL,N/A,NAO,25,0,0
321,3719_25_0T8LSB_450227419_NOTIF_alt.pdf,03_RESULTADOS\04_DOCUMENTOS_CITIUS_E_PECAS\ARQUIVO_OFICIAL_TRIBUNAL\PROC_3719_CAUTELAR_ARQUIVADO\3719_25_0T8LSB_450227419_NOTIF_alt.pdf,9929e48555faaf7508f10dfabb04f4658d5d8c1f3c03a39ce86fc6f8d36647d3,158.05,3719/25.0T8LSB,0.58,PARCIAL,N/A,NAO,25,0,0
322,3719_25_0T8LSB_450360376_NOTIFICACAO.pdf,03_RESULTADOS\04_DOCUMENTOS_CITIUS_E_PECAS\ARQUIVO_OFICIAL_TRIBUNAL\PROC_3719_CAUTELAR_ARQUIVADO\3719_25_0T8LSB_450360376_NOTIFICACAO.pdf,c3645758fddea49e7a8df4a88c0589107f8956e40044de22e97017bed3bc240b,112.55,3719/25.0T8LSB,1.0,DOCUMENTADO,N/A,NAO,18,0,0
323,3719_25_0T8LSB_450360376_NOTIF_alt.pdf,03_RESULTADOS\04_DOCUMENTOS_CITIUS_E_PECAS\ARQUIVO_OFICIAL_TRIBUNAL\PROC_3719_CAUTELAR_ARQUIVADO\3719_25_0T8LSB_450360376_NOTIF_alt.pdf,c3645758fddea49e7a8df4a88c0589107f8956e40044de22e97017bed3bc240b,112.55,3719/25.0T8LSB,1.0,DOCUMENTADO,N/A,NAO,18,0,0
324,3719_25_0T8LSB_450432700_NOTIFICACAO.pdf,03_RESULTADOS\04_DOCUMENTOS_CITIUS_E_PECAS\ARQUIVO_OFICIAL_TRIBUNAL\PROC_3719_CAUTELAR_ARQUIVADO\3719_25_0T8LSB_450432700_NOTIFICACAO.pdf,81e857202b9eaf1da23d836faf5bce2b985b1e55173caaa38aefefdd4d82caf6,110.15,3719/25.0T8LSB,1.0,DOCUMENTADO,N/A,NAO,18,0,0
325,3719_25_0T8LSB_450432700_NOTIF_alt.pdf,03_RESULTADOS\04_DOCUMENTOS_CITIUS_E_PECAS\ARQUIVO_OFICIAL_TRIBUNAL\PROC_3719_CAUTELAR_ARQUIVADO\3719_25_0T8LSB_450432700_NOTIF_alt.pdf,81e857202b9eaf1da23d836faf5bce2b985b1e55173caaa38aefefdd4d82caf6,110.15,3719/25.0T8LSB,1.0,DOCUMENTADO,N/A,NAO,18,0,0
326,3719_25_0T8LSB_450450365_DESPACHO.pdf,03_RESULTADOS\04_DOCUMENTOS_CITIUS_E_PECAS\ARQUIVO_OFICIAL_TRIBUNAL\PROC_3719_CAUTELAR_ARQUIVADO\3719_25_0T8LSB_450450365_DESPACHO.pdf,306af3cb751571e6f31d29225a0d568819f9a683cc821ceb1fe0eefe36d65c55,154.48,3719/25.0T8LSB,0.58,PARCIAL,N/A,NAO,12,0,0
327,3719_25_0T8LSB_450450365_DESPA_alt.pdf,03_RESULTADOS\04_DOCUMENTOS_CITIUS_E_PECAS\ARQUIVO_OFICIAL_TRIBUNAL\PROC_3719_CAUTELAR_ARQUIVADO\3719_25_0T8LSB_450450365_DESPA_alt.pdf,306af3cb751571e6f31d29225a0d568819f9a683cc821ceb1fe0eefe36d65c55,154.48,3719/25.0T8LSB,0.58,PARCIAL,N/A,NAO,12,0,0
328,3719_25_0T8LSB_451405298_DESPACHO.pdf,03_RESULTADOS\04_DOCUMENTOS_CITIUS_E_PECAS\ARQUIVO_OFICIAL_TRIBUNAL\PROC_3719_CAUTELAR_ARQUIVADO\3719_25_0T8LSB_451405298_DESPACHO.pdf,825966794db84558489c48464d42e23befd980a6c8763c20e34d2d13c2300dc8,88.13,3719/25.0T8LSB,1.0,DOCUMENTADO,N/A,NAO,15,0,0
329,3719_25_0T8LSB_451405298_DESPA_alt.pdf,03_RESULTADOS\04_DOCUMENTOS_CITIUS_E_PECAS\ARQUIVO_OFICIAL_TRIBUNAL\PROC_3719_CAUTELAR_ARQUIVADO\3719_25_0T8LSB_451405298_DESPA_alt.pdf,825966794db84558489c48464d42e23befd980a6c8763c20e34d2d13c2300dc8,88.13,3719/25.0T8LSB,1.0,DOCUMENTADO,N/A,NAO,15,0,0
330,3719_25_0T8LSB_451405622_NOTIFICACAO.pdf,03_RESULTADOS\04_DOCUMENTOS_CITIUS_E_PECAS\ARQUIVO_OFICIAL_TRIBUNAL\PROC_3719_CAUTELAR_ARQUIVADO\3719_25_0T8LSB_451405622_NOTIFICACAO.pdf,397a0d4e5ac66670edf8b3b252086dccd0fe038e06a4978cf0a492900a80ad2a,157.87,3719/25.0T8LSB,0.58,PARCIAL,N/A,NAO,25,0,0
331,3719_25_0T8LSB_451405622_NOTIF_alt.pdf,03_RESULTADOS\04_DOCUMENTOS_CITIUS_E_PECAS\ARQUIVO_OFICIAL_TRIBUNAL\PROC_3719_CAUTELAR_ARQUIVADO\3719_25_0T8LSB_451405622_NOTIF_alt.pdf,397a0d4e5ac66670edf8b3b252086dccd0fe038e06a4978cf0a492900a80ad2a,157.87,3719/25.0T8LSB,0.58,PARCIAL,N/A,NAO,25,0,0
332,3719_25_0T8LSB_451405635_NOTIFICACAO.pdf,03_RESULTADOS\04_DOCUMENTOS_CITIUS_E_PECAS\ARQUIVO_OFICIAL_TRIBUNAL\PROC_3719_CAUTELAR_ARQUIVADO\3719_25_0T8LSB_451405635_NOTIFICACAO.pdf,f3c1c3dec1eeb1f205b2ed514936d95185337ca7f23522a527b1bea3b823bd8c,158.39,3719/25.0T8LSB,0.58,PARCIAL,N/A,NAO,25,0,0
333,3719_25_0T8LSB_451405635_NOTIF_alt.pdf,03_RESULTADOS\04_DOCUMENTOS_CITIUS_E_PECAS\ARQUIVO_OFICIAL_TRIBUNAL\PROC_3719_CAUTELAR_ARQUIVADO\3719_25_0T8LSB_451405635_NOTIF_alt.pdf,f3c1c3dec1eeb1f205b2ed514936d95185337ca7f23522a527b1bea3b823bd8c,158.39,3719/25.0T8LSB,0.58,PARCIAL,N/A,NAO,25,0,0
334,3719_25_0T8LSB_451405639_NOTIFICACAO.pdf,03_RESULTADOS\04_DOCUMENTOS_CITIUS_E_PECAS\ARQUIVO_OFICIAL_TRIBUNAL\PROC_3719_CAUTELAR_ARQUIVADO\3719_25_0T8LSB_451405639_NOTIFICACAO.pdf,04b008bcd5a921bc3bde2429cfa3e5e1dd79ddae7a54d3dffb3c897b4261a0b1,158.31,3719/25.0T8LSB,0.58,PARCIAL,N/A,NAO,25,0,0
335,3719_25_0T8LSB_451405639_NOTIF_alt.pdf,03_RESULTADOS\04_DOCUMENTOS_CITIUS_E_PECAS\ARQUIVO_OFICIAL_TRIBUNAL\PROC_3719_CAUTELAR_ARQUIVADO\3719_25_0T8LSB_451405639_NOTIF_alt.pdf,04b008bcd5a921bc3bde2429cfa3e5e1dd79ddae7a54d3dffb3c897b4261a0b1,158.31,3719/25.0T8LSB,0.58,PARCIAL,N/A,NAO,25,0,0
336,3719_25_0T8LSB_451405641_NOTIFICACAO.pdf,03_RESULTADOS\04_DOCUMENTOS_CITIUS_E_PECAS\ARQUIVO_OFICIAL_TRIBUNAL\PROC_3719_CAUTELAR_ARQUIVADO\3719_25_0T8LSB_451405641_NOTIFICACAO.pdf,5df886d1151003131bd204567c403103c818dcca7fc9d64603f6b3cb34ae96bf,157.85,3719/25.0T8LSB,0.58,PARCIAL,N/A,NAO,25,0,0
337,3719_25_0T8LSB_451405641_NOTIF_alt.pdf,03_RESULTADOS\04_DOCUMENTOS_CITIUS_E_PECAS\ARQUIVO_OFICIAL_TRIBUNAL\PROC_3719_CAUTELAR_ARQUIVADO\3719_25_0T8LSB_451405641_NOTIF_alt.pdf,5df886d1151003131bd204567c403103c818dcca7fc9d64603f6b3cb34ae96bf,157.85,3719/25.0T8LSB,0.58,PARCIAL,N/A,NAO,25,0,0
338,3719_25_0T8LSB_451405655_DESPACHO.pdf,03_RESULTADOS\04_DOCUMENTOS_CITIUS_E_PECAS\ARQUIVO_OFICIAL_TRIBUNAL\PROC_3719_CAUTELAR_ARQUIVADO\3719_25_0T8LSB_451405655_DESPACHO.pdf,48257b2ec0ae3c6bf711671927f8a249d6e7ae0eb340fc260d385c474aef9222,90.39,3719/25.0T8LSB,1.0,DOCUMENTADO,N/A,NAO,17,0,0
339,3719_25_0T8LSB_451405655_DESPA_alt.pdf,03_RESULTADOS\04_DOCUMENTOS_CITIUS_E_PECAS\ARQUIVO_OFICIAL_TRIBUNAL\PROC_3719_CAUTELAR_ARQUIVADO\3719_25_0T8LSB_451405655_DESPA_alt.pdf,48257b2ec0ae3c6bf711671927f8a249d6e7ae0eb340fc260d385c474aef9222,90.39,3719/25.0T8LSB,1.0,DOCUMENTADO,N/A,NAO,17,0,0
340,3719_25_0T8LSB_451648136_NOTIFICACAO.pdf,03_RESULTADOS\04_DOCUMENTOS_CITIUS_E_PECAS\ARQUIVO_OFICIAL_TRIBUNAL\PROC_3719_CAUTELAR_ARQUIVADO\3719_25_0T8LSB_451648136_NOTIFICACAO.pdf,7b40796dbe53da0ef5de2e32f91fd80324d1363e7006370dfbacce9c177a9ac8,108.02,3719/25.0T8LSB,1.0,DOCUMENTADO,N/A,NAO,18,0,0
341,3719_25_0T8LSB_451648136_NOTIF_alt.pdf,03_RESULTADOS\04_DOCUMENTOS_CITIUS_E_PECAS\ARQUIVO_OFICIAL_TRIBUNAL\PROC_3719_CAUTELAR_ARQUIVADO\3719_25_0T8LSB_451648136_NOTIF_alt.pdf,7b40796dbe53da0ef5de2e32f91fd80324d1363e7006370dfbacce9c177a9ac8,108.02,3719/25.0T8LSB,1.0,DOCUMENTADO,N/A,NAO,18,0,0
342,3719_25_0T8LSB_452040260_NOTIFICACAO.pdf,03_RESULTADOS\04_DOCUMENTOS_CITIUS_E_PECAS\ARQUIVO_OFICIAL_TRIBUNAL\PROC_3719_CAUTELAR_ARQUIVADO\3719_25_0T8LSB_452040260_NOTIFICACAO.pdf,d5ee4944f728f7b03fde47f31bea50e19bb3276c5cd48db3bb4e89086d406c51,110.31,3719/25.0T8LSB,1.0,DOCUMENTADO,N/A,NAO,18,0,0
343,3719_25_0T8LSB_452040260_NOTIF_alt.pdf,03_RESULTADOS\04_DOCUMENTOS_CITIUS_E_PECAS\ARQUIVO_OFICIAL_TRIBUNAL\PROC_3719_CAUTELAR_ARQUIVADO\3719_25_0T8LSB_452040260_NOTIF_alt.pdf,d5ee4944f728f7b03fde47f31bea50e19bb3276c5cd48db3bb4e89086d406c51,110.31,3719/25.0T8LSB,1.0,DOCUMENTADO,N/A,NAO,18,0,0
344,3719_25_0T8LSB_452127629_DESPACHO.pdf,03_RESULTADOS\04_DOCUMENTOS_CITIUS_E_PECAS\ARQUIVO_OFICIAL_TRIBUNAL\PROC_3719_CAUTELAR_ARQUIVADO\3719_25_0T8LSB_452127629_DESPACHO.pdf,762274162604d7206b65f2fd7cdf3e1cd19069d7c86c2479e705c7c1ab9e7f8a,169.99,3719/25.0T8LSB,0.58,PARCIAL,N/A,NAO,12,0,0
345,3719_25_0T8LSB_452127629_DESPA_alt.pdf,03_RESULTADOS\04_DOCUMENTOS_CITIUS_E_PECAS\ARQUIVO_OFICIAL_TRIBUNAL\PROC_3719_CAUTELAR_ARQUIVADO\3719_25_0T8LSB_452127629_DESPA_alt.pdf,762274162604d7206b65f2fd7cdf3e1cd19069d7c86c2479e705c7c1ab9e7f8a,169.99,3719/25.0T8LSB,0.58,PARCIAL,N/A,NAO,12,0,0
346,3719_25_0T8LSB_452156533_ATO_A_CLASSIFICAR.pdf,03_RESULTADOS\04_DOCUMENTOS_CITIUS_E_PECAS\ARQUIVO_OFICIAL_TRIBUNAL\PROC_3719_CAUTELAR_ARQUIVADO\3719_25_0T8LSB_452156533_ATO_A_CLASSIFICAR.pdf,3f7867b6e01e5e0993468f0ad60aef59a5816d246da9963a62bdbf875c99800f,278.66,3719/25.0T8LSB,0.58,PARCIAL,N/A,NAO,33,0,0
347,3719_25_0T8LSB_452156533_ATO_A_alt.pdf,03_RESULTADOS\04_DOCUMENTOS_CITIUS_E_PECAS\ARQUIVO_OFICIAL_TRIBUNAL\PROC_3719_CAUTELAR_ARQUIVADO\3719_25_0T8LSB_452156533_ATO_A_alt.pdf,3f7867b6e01e5e0993468f0ad60aef59a5816d246da9963a62bdbf875c99800f,278.66,3719/25.0T8LSB,0.58,PARCIAL,N/A,NAO,33,0,0
348,3719_25_0T8LSB_452349316_SENTENCA_He959124a.pdf,03_RESULTADOS\04_DOCUMENTOS_CITIUS_E_PECAS\ARQUIVO_OFICIAL_TRIBUNAL\PROC_3719_CAUTELAR_ARQUIVADO\3719_25_0T8LSB_452349316_SENTENCA_He959124a.pdf,e959124a33e801d024236044403b75932b7751bfd33eae811638901ec1546831,411.36,3719/25.0T8LSB,0.58,PARCIAL,N/A,NAO,85,0,0
349,3719_25_0T8LSB_452349316_SENTE_alt.pdf,03_RESULTADOS\04_DOCUMENTOS_CITIUS_E_PECAS\ARQUIVO_OFICIAL_TRIBUNAL\PROC_3719_CAUTELAR_ARQUIVADO\3719_25_0T8LSB_452349316_SENTE_alt.pdf,e959124a33e801d024236044403b75932b7751bfd33eae811638901ec1546831,411.36,3719/25.0T8LSB,0.58,PARCIAL,N/A,NAO,85,0,0
350,3719_25_0T8LSB_452661233_ATO_A_CLASSIFICAR.pdf,03_RESULTADOS\04_DOCUMENTOS_CITIUS_E_PECAS\ARQUIVO_OFICIAL_TRIBUNAL\PROC_3719_CAUTELAR_ARQUIVADO\3719_25_0T8LSB_452661233_ATO_A_CLASSIFICAR.pdf,1514ae7ad7b664c223e1f08e79481fd471a6c11e180672bccec3c141d7307026,98.03,3719/25.0T8LSB,0.58,PARCIAL,N/A,NAO,9,0,0
351,3719_25_0T8LSB_452661233_ATO_A_alt.pdf,03_RESULTADOS\04_DOCUMENTOS_CITIUS_E_PECAS\ARQUIVO_OFICIAL_TRIBUNAL\PROC_3719_CAUTELAR_ARQUIVADO\3719_25_0T8LSB_452661233_ATO_A_alt.pdf,1514ae7ad7b664c223e1f08e79481fd471a6c11e180672bccec3c141d7307026,98.03,3719/25.0T8LSB,0.58,PARCIAL,N/A,NAO,9,0,0
352,3719_25_0T8LSB_452881981_NOTIFICACAO.pdf,03_RESULTADOS\04_DOCUMENTOS_CITIUS_E_PECAS\ARQUIVO_OFICIAL_TRIBUNAL\PROC_3719_CAUTELAR_ARQUIVADO\3719_25_0T8LSB_452881981_NOTIFICACAO.pdf,44a6165bd6ec7163f83fff65d69b4881455db84e292aef0da90dbcd6679a5508,85.84,3719/25.0T8LSB,1.0,DOCUMENTADO,N/A,NAO,17,0,0
353,3719_25_0T8LSB_452881981_NOTIF_alt.pdf,03_RESULTADOS\04_DOCUMENTOS_CITIUS_E_PECAS\ARQUIVO_OFICIAL_TRIBUNAL\PROC_3719_CAUTELAR_ARQUIVADO\3719_25_0T8LSB_452881981_NOTIF_alt.pdf,44a6165bd6ec7163f83fff65d69b4881455db84e292aef0da90dbcd6679a5508,85.84,3719/25.0T8LSB,1.0,DOCUMENTADO,N/A,NAO,17,0,0
354,3719_25_0T8LSB_453688258_NOTIFICACAO.pdf,03_RESULTADOS\04_DOCUMENTOS_CITIUS_E_PECAS\ARQUIVO_OFICIAL_TRIBUNAL\PROC_3719_CAUTELAR_ARQUIVADO\3719_25_0T8LSB_453688258_NOTIFICACAO.pdf,0ad46cc26c47650141ff8821158d48f165898b58f5f7f804adad7a1a671a9447,85.61,3719/25.0T8LSB,1.0,DOCUMENTADO,N/A,NAO,15,0,0
355,3719_25_0T8LSB_453688258_NOTIF_alt.pdf,03_RESULTADOS\04_DOCUMENTOS_CITIUS_E_PECAS\ARQUIVO_OFICIAL_TRIBUNAL\PROC_3719_CAUTELAR_ARQUIVADO\3719_25_0T8LSB_453688258_NOTIF_alt.pdf,0ad46cc26c47650141ff8821158d48f165898b58f5f7f804adad7a1a671a9447,85.61,3719/25.0T8LSB,1.0,DOCUMENTADO,N/A,NAO,15,0,0
356,3719_25_0T8LSB_454220679_DESPACHO.pdf,03_RESULTADOS\04_DOCUMENTOS_CITIUS_E_PECAS\ARQUIVO_OFICIAL_TRIBUNAL\PROC_3719_CAUTELAR_ARQUIVADO\3719_25_0T8LSB_454220679_DESPACHO.pdf,b1e10e21dd3df0a70dc4dc6cb42fc84822f18aa624c963ce82ec6f8cb166c325,84.79,3719/25.0T8LSB,1.0,DOCUMENTADO,N/A,NAO,15,0,0
357,3719_25_0T8LSB_454220679_DESPA_alt.pdf,03_RESULTADOS\04_DOCUMENTOS_CITIUS_E_PECAS\ARQUIVO_OFICIAL_TRIBUNAL\PROC_3719_CAUTELAR_ARQUIVADO\3719_25_0T8LSB_454220679_DESPA_alt.pdf,b1e10e21dd3df0a70dc4dc6cb42fc84822f18aa624c963ce82ec6f8cb166c325,84.79,3719/25.0T8LSB,1.0,DOCUMENTADO,N/A,NAO,15,0,0
358,3719_25_0T8LSB_454223768_ATO_A_CLASSIFICAR.pdf,03_RESULTADOS\04_DOCUMENTOS_CITIUS_E_PECAS\ARQUIVO_OFICIAL_TRIBUNAL\PROC_3719_CAUTELAR_ARQUIVADO\3719_25_0T8LSB_454223768_ATO_A_CLASSIFICAR.pdf,f9cfeddc01b0eb7e223914ce47b0e67b7341260106219616c7060a39f52ddfd2,84.76,3719/25.0T8LSB,0.58,PARCIAL,N/A,NAO,13,0,0
359,3719_25_0T8LSB_454223768_ATO_A_alt.pdf,03_RESULTADOS\04_DOCUMENTOS_CITIUS_E_PECAS\ARQUIVO_OFICIAL_TRIBUNAL\PROC_3719_CAUTELAR_ARQUIVADO\3719_25_0T8LSB_454223768_ATO_A_alt.pdf,f9cfeddc01b0eb7e223914ce47b0e67b7341260106219616c7060a39f52ddfd2,84.76,3719/25.0T8LSB,0.58,PARCIAL,N/A,NAO,13,0,0
360,3719_25_0T8LSB_455550599_NOTIFICACAO.pdf,03_RESULTADOS\04_DOCUMENTOS_CITIUS_E_PECAS\ARQUIVO_OFICIAL_TRIBUNAL\PROC_3719_CAUTELAR_ARQUIVADO\3719_25_0T8LSB_455550599_NOTIFICACAO.pdf,f30ecce206ff1158e9fc4716d17a70b39ff4f9810862ece8e66f0874a1983248,85.91,3719/25.0T8LSB,1.0,DOCUMENTADO,N/A,NAO,15,0,0
361,3719_25_0T8LSB_455550599_NOTIF_alt.pdf,03_RESULTADOS\04_DOCUMENTOS_CITIUS_E_PECAS\ARQUIVO_OFICIAL_TRIBUNAL\PROC_3719_CAUTELAR_ARQUIVADO\3719_25_0T8LSB_455550599_NOTIF_alt.pdf,f30ecce206ff1158e9fc4716d17a70b39ff4f9810862ece8e66f0874a1983248,85.91,3719/25.0T8LSB,1.0,DOCUMENTADO,N/A,NAO,15,0,0
362,3719_25_0T8LSB_457395171_NOTIFICACAO.pdf,03_RESULTADOS\04_DOCUMENTOS_CITIUS_E_PECAS\ARQUIVO_OFICIAL_TRIBUNAL\PROC_3719_CAUTELAR_ARQUIVADO\3719_25_0T8LSB_457395171_NOTIFICACAO.pdf,66b9077be3883105966b142b164f3bdfc496e675cc3c550dbe87d7318ad5b9c5,93.33,3719/25.0T8LSB,1.0,DOCUMENTADO,N/A,NAO,15,0,0
363,3719_25_0T8LSB_457395171_NOTIF_alt.pdf,03_RESULTADOS\04_DOCUMENTOS_CITIUS_E_PECAS\ARQUIVO_OFICIAL_TRIBUNAL\PROC_3719_CAUTELAR_ARQUIVADO\3719_25_0T8LSB_457395171_NOTIF_alt.pdf,66b9077be3883105966b142b164f3bdfc496e675cc3c550dbe87d7318ad5b9c5,93.33,3719/25.0T8LSB,1.0,DOCUMENTADO,N/A,NAO,15,0,0
364,3719_25_0T8LSB_457395289_NOTIFICACAO.pdf,03_RESULTADOS\04_DOCUMENTOS_CITIUS_E_PECAS\ARQUIVO_OFICIAL_TRIBUNAL\PROC_3719_CAUTELAR_ARQUIVADO\3719_25_0T8LSB_457395289_NOTIFICACAO.pdf,e63b6cc09d5f54951ade5ca5eff022a4af116c79c3407f25de3a51c9bea6b47a,95.16,3719/25.0T8LSB,1.0,DOCUMENTADO,N/A,NAO,17,0,0
365,3719_25_0T8LSB_457395289_NOTIF_alt.pdf,03_RESULTADOS\04_DOCUMENTOS_CITIUS_E_PECAS\ARQUIVO_OFICIAL_TRIBUNAL\PROC_3719_CAUTELAR_ARQUIVADO\3719_25_0T8LSB_457395289_NOTIF_alt.pdf,e63b6cc09d5f54951ade5ca5eff022a4af116c79c3407f25de3a51c9bea6b47a,95.16,3719/25.0T8LSB,1.0,DOCUMENTADO,N/A,NAO,17,0,0
366,3719_25_0T8LSB_457395328_NOTIFICACAO.pdf,03_RESULTADOS\04_DOCUMENTOS_CITIUS_E_PECAS\ARQUIVO_OFICIAL_TRIBUNAL\PROC_3719_CAUTELAR_ARQUIVADO\3719_25_0T8LSB_457395328_NOTIFICACAO.pdf,3bec162393163ad8a8c31f093109d580af3bdd4dce46fb9ef00718aa22b8f8a6,88.85,3719/25.0T8LSB,1.0,DOCUMENTADO,N/A,NAO,15,0,0
367,3719_25_0T8LSB_457395328_NOTIF_alt.pdf,03_RESULTADOS\04_DOCUMENTOS_CITIUS_E_PECAS\ARQUIVO_OFICIAL_TRIBUNAL\PROC_3719_CAUTELAR_ARQUIVADO\3719_25_0T8LSB_457395328_NOTIF_alt.pdf,3bec162393163ad8a8c31f093109d580af3bdd4dce46fb9ef00718aa22b8f8a6,88.85,3719/25.0T8LSB,1.0,DOCUMENTADO,N/A,NAO,15,0,0
368,3719_25_0T8LSB_457395352_NOTIFICACAO.pdf,03_RESULTADOS\04_DOCUMENTOS_CITIUS_E_PECAS\ARQUIVO_OFICIAL_TRIBUNAL\PROC_3719_CAUTELAR_ARQUIVADO\3719_25_0T8LSB_457395352_NOTIFICACAO.pdf,4d25c55e82e87658e8e205be2a350d5e0cd8e632c6a5b1586e9fe7fc3307d47a,160.06,3719/25.0T8LSB,0.58,PARCIAL,N/A,NAO,29,0,0
369,3719_25_0T8LSB_457395352_NOTIF_alt.pdf,03_RESULTADOS\04_DOCUMENTOS_CITIUS_E_PECAS\ARQUIVO_OFICIAL_TRIBUNAL\PROC_3719_CAUTELAR_ARQUIVADO\3719_25_0T8LSB_457395352_NOTIF_alt.pdf,4d25c55e82e87658e8e205be2a350d5e0cd8e632c6a5b1586e9fe7fc3307d47a,160.06,3719/25.0T8LSB,0.58,PARCIAL,N/A,NAO,29,0,0
370,3719_25_0T8LSB_REF_SEMREF_ATO_A_CLASSIFICAR.pdf,03_RESULTADOS\04_DOCUMENTOS_CITIUS_E_PECAS\ARQUIVO_OFICIAL_TRIBUNAL\PROC_3719_CAUTELAR_ARQUIVADO\3719_25_0T8LSB_REF_SEMREF_ATO_A_CLASSIFICAR.pdf,ea0306280ebcceb0a847c4740742ee49348c5342015949860da3440dc227fdca,262.94,3719/25.0T8LSB,0.58,PARCIAL,N/A,NAO,8,0,0
371,3719_25_0T8LSB_REF_SEMREF_ATO_A_CLASSIFICAR_H00701b60.pdf,03_RESULTADOS\04_DOCUMENTOS_CITIUS_E_PECAS\ARQUIVO_OFICIAL_TRIBUNAL\PROC_3719_CAUTELAR_ARQUIVADO\3719_25_0T8LSB_REF_SEMREF_ATO_A_CLASSIFICAR_H00701b60.pdf,00701b60779efadd77ed4281107a544552cee103267188fcd640492b0e19c612,168.25,3719/25.0T8LSB,0.58,PARCIAL,N/A,NAO,24,0,0
372,3719_25_0T8LSB_REF_SEMREF_ATO_A_CLASSIFICAR_H0109d45b.pdf,03_RESULTADOS\04_DOCUMENTOS_CITIUS_E_PECAS\ARQUIVO_OFICIAL_TRIBUNAL\PROC_3719_CAUTELAR_ARQUIVADO\3719_25_0T8LSB_REF_SEMREF_ATO_A_CLASSIFICAR_H0109d45b.pdf,0109d45b8a67a595c648dbda83ad85ad9d92c62cd19e94e20792435f5a052539,266.06,3719/25.0T8LSB,0.58,PARCIAL,N/A,NAO,10,0,0
373,3719_25_0T8LSB_REF_SEMREF_ATO_A_CLASSIFICAR_H03a28c1b.pdf,03_RESULTADOS\04_DOCUMENTOS_CITIUS_E_PECAS\ARQUIVO_OFICIAL_TRIBUNAL\PROC_3719_CAUTELAR_ARQUIVADO\3719_25_0T8LSB_REF_SEMREF_ATO_A_CLASSIFICAR_H03a28c1b.pdf,03a28c1bbfc66a45a89b94352f2b01c415db7088a19dbd7985a8e48eed906f82,586.59,3719/25.0T8LSB,0.58,PARCIAL,N/A,NAO,21,0,0
374,3719_25_0T8LSB_REF_SEMREF_ATO_A_CLASSIFICAR_H0b7138d4.pdf,03_RESULTADOS\04_DOCUMENTOS_CITIUS_E_PECAS\ARQUIVO_OFICIAL_TRIBUNAL\PROC_3719_CAUTELAR_ARQUIVADO\3719_25_0T8LSB_REF_SEMREF_ATO_A_CLASSIFICAR_H0b7138d4.pdf,0b7138d4a5b31f1aa4db5606aa7011bd8a4eaf041fc6a0f60d72fc102d973f30,316.57,3719/25.0T8LSB,0.58,PARCIAL,N/A,NAO,10,0,1
375,3719_25_0T8LSB_REF_SEMREF_ATO_A_CLASSIFICAR_H0f0ef8d4.pdf,03_RESULTADOS\04_DOCUMENTOS_CITIUS_E_PECAS\ARQUIVO_OFICIAL_TRIBUNAL\PROC_3719_CAUTELAR_ARQUIVADO\3719_25_0T8LSB_REF_SEMREF_ATO_A_CLASSIFICAR_H0f0ef8d4.pdf,0f0ef8d488f4372ee1d982edbf3b5b101fccc1a1aaf292b5dcdca8581a4fefc0,264.9,3719/25.0T8LSB,0.58,PARCIAL,N/A,NAO,8,0,0
376,3719_25_0T8LSB_REF_SEMREF_ATO_A_CLASSIFICAR_H2cd3411b.pdf,03_RESULTADOS\04_DOCUMENTOS_CITIUS_E_PECAS\ARQUIVO_OFICIAL_TRIBUNAL\PROC_3719_CAUTELAR_ARQUIVADO\3719_25_0T8LSB_REF_SEMREF_ATO_A_CLASSIFICAR_H2cd3411b.pdf,2cd3411b726924ebaa27cb543ae5e0a253ca8176d7e4ff217f829e38402e9248,127.49,3719/25.0T8LSB,0.58,PARCIAL,N/A,NAO,13,0,0
377,3719_25_0T8LSB_REF_SEMREF_ATO_A_CLASSIFICAR_H360288f1.pdf,03_RESULTADOS\04_DOCUMENTOS_CITIUS_E_PECAS\ARQUIVO_OFICIAL_TRIBUNAL\PROC_3719_CAUTELAR_ARQUIVADO\3719_25_0T8LSB_REF_SEMREF_ATO_A_CLASSIFICAR_H360288f1.pdf,360288f1e42ab7549ff16a70c7691867e32ec047bca56abc52f57b18e5c03d47,330.67,3719/25.0T8LSB,0.58,PARCIAL,N/A,NAO,10,0,0
378,3719_25_0T8LSB_REF_SEMREF_ATO_A_CLASSIFICAR_H3872f765.pdf,03_RESULTADOS\04_DOCUMENTOS_CITIUS_E_PECAS\ARQUIVO_OFICIAL_TRIBUNAL\PROC_3719_CAUTELAR_ARQUIVADO\3719_25_0T8LSB_REF_SEMREF_ATO_A_CLASSIFICAR_H3872f765.pdf,3872f7650d01fc71b7b3369dec146bb4ff7eb50060d4c455e567604fbe244096,260.16,3719/25.0T8LSB,0.58,PARCIAL,N/A,NAO,8,0,0
379,3719_25_0T8LSB_REF_SEMREF_ATO_A_CLASSIFICAR_H4fc6feaa.pdf,03_RESULTADOS\04_DOCUMENTOS_CITIUS_E_PECAS\ARQUIVO_OFICIAL_TRIBUNAL\PROC_3719_CAUTELAR_ARQUIVADO\3719_25_0T8LSB_REF_SEMREF_ATO_A_CLASSIFICAR_H4fc6feaa.pdf,4fc6feaa4f31ddfab41ddc78f5048196a6f1cd9a71f5bd4fee03c5c67a1b043e,127.11,3719/25.0T8LSB,0.58,PARCIAL,N/A,NAO,13,0,0
380,3719_25_0T8LSB_REF_SEMREF_ATO_A_CLASSIFICAR_H716b8d33.pdf,03_RESULTADOS\04_DOCUMENTOS_CITIUS_E_PECAS\ARQUIVO_OFICIAL_TRIBUNAL\PROC_3719_CAUTELAR_ARQUIVADO\3719_25_0T8LSB_REF_SEMREF_ATO_A_CLASSIFICAR_H716b8d33.pdf,716b8d3340edc1730dd55b5d9586bb8eac072e4f01976f1bfdb4aac74db5d4b3,127.59,3719/25.0T8LSB,0.58,PARCIAL,N/A,NAO,13,0,0
381,3719_25_0T8LSB_REF_SEMREF_ATO_A_CLASSIFICAR_H73ec02ea.pdf,03_RESULTADOS\04_DOCUMENTOS_CITIUS_E_PECAS\ARQUIVO_OFICIAL_TRIBUNAL\PROC_3719_CAUTELAR_ARQUIVADO\3719_25_0T8LSB_REF_SEMREF_ATO_A_CLASSIFICAR_H73ec02ea.pdf,73ec02ea5c6749a1130cc82830392a9c6d62fe31a48479aa5e47189cf9d86ba9,126.69,3719/25.0T8LSB,0.58,PARCIAL,N/A,NAO,13,0,0
382,3719_25_0T8LSB_REF_SEMREF_ATO_A_CLASSIFICAR_H7d3b5695.pdf,03_RESULTADOS\04_DOCUMENTOS_CITIUS_E_PECAS\ARQUIVO_OFICIAL_TRIBUNAL\PROC_3719_CAUTELAR_ARQUIVADO\3719_25_0T8LSB_REF_SEMREF_ATO_A_CLASSIFICAR_H7d3b5695.pdf,7d3b5695e856ec6ce2915f590b3778a7e9d10679a8590c2b2928dec074dd0e92,127.54,3719/25.0T8LSB,0.58,PARCIAL,N/A,NAO,13,0,0
383,3719_25_0T8LSB_REF_SEMREF_ATO_A_CLASSIFICAR_H8b2a4d8a.pdf,03_RESULTADOS\04_DOCUMENTOS_CITIUS_E_PECAS\ARQUIVO_OFICIAL_TRIBUNAL\PROC_3719_CAUTELAR_ARQUIVADO\3719_25_0T8LSB_REF_SEMREF_ATO_A_CLASSIFICAR_H8b2a4d8a.pdf,8b2a4d8a80de1aee8ceed1cc6077e968917b70ecfc0f8968822aa4264411dd45,275.48,3719/25.0T8LSB,0.58,PARCIAL,N/A,NAO,9,0,0
384,3719_25_0T8LSB_REF_SEMREF_ATO_A_CLASSIFICAR_Ha15e4f3a.pdf,03_RESULTADOS\04_DOCUMENTOS_CITIUS_E_PECAS\ARQUIVO_OFICIAL_TRIBUNAL\PROC_3719_CAUTELAR_ARQUIVADO\3719_25_0T8LSB_REF_SEMREF_ATO_A_CLASSIFICAR_Ha15e4f3a.pdf,a15e4f3a1d7c3b9f5007594a41de7e80ebab406d079424bc2adf0bf05b385264,146.3,3719/25.0T8LSB,0.58,PARCIAL,N/A,NAO,8,0,0
385,3719_25_0T8LSB_REF_SEMREF_ATO_A_CLASSIFICAR_Hb2da2cce.pdf,03_RESULTADOS\04_DOCUMENTOS_CITIUS_E_PECAS\ARQUIVO_OFICIAL_TRIBUNAL\PROC_3719_CAUTELAR_ARQUIVADO\3719_25_0T8LSB_REF_SEMREF_ATO_A_CLASSIFICAR_Hb2da2cce.pdf,b2da2cce71d1f7298f9444e47d7428ab0a30a2b07dee20d95224f91fa38c1b56,146.56,3719/25.0T8LSB,0.58,PARCIAL,N/A,NAO,17,0,0
386,3719_25_0T8LSB_REF_SEMREF_ATO_A_CLASSIFICAR_Hc057d6ef.pdf,03_RESULTADOS\04_DOCUMENTOS_CITIUS_E_PECAS\ARQUIVO_OFICIAL_TRIBUNAL\PROC_3719_CAUTELAR_ARQUIVADO\3719_25_0T8LSB_REF_SEMREF_ATO_A_CLASSIFICAR_Hc057d6ef.pdf,c057d6ef37daa7905930b50f82f22c9a83bd5a6372089945006748b62fcc605e,126.69,3719/25.0T8LSB,0.58,PARCIAL,N/A,NAO,13,0,0
387,3719_25_0T8LSB_REF_SEMREF_ATO_A_CLASSIFICAR_Hc114a8a4.pdf,03_RESULTADOS\04_DOCUMENTOS_CITIUS_E_PECAS\ARQUIVO_OFICIAL_TRIBUNAL\PROC_3719_CAUTELAR_ARQUIVADO\3719_25_0T8LSB_REF_SEMREF_ATO_A_CLASSIFICAR_Hc114a8a4.pdf,c114a8a4f341a97f3cf5fa23b54a4b5fb4be5f31d899c3a648b817292efa5478,471.65,3719/25.0T8LSB,0.58,PARCIAL,N/A,NAO,9,0,0
388,3719_25_0T8LSB_REF_SEMREF_ATO_A_CLASSIFICAR_Hcbc4c800.pdf,03_RESULTADOS\04_DOCUMENTOS_CITIUS_E_PECAS\ARQUIVO_OFICIAL_TRIBUNAL\PROC_3719_CAUTELAR_ARQUIVADO\3719_25_0T8LSB_REF_SEMREF_ATO_A_CLASSIFICAR_Hcbc4c800.pdf,cbc4c800d235aed9d0630fb4cba58b2a0c6619ad2025e712b750340b24256a0f,7.17,3719/25.0T8LSB,0.58,PARCIAL,N/A,NAO,2,0,0
389,3719_25_0T8LSB_REF_SEMREF_ATO_A_CLASSIFICAR_He45d181b.pdf,03_RESULTADOS\04_DOCUMENTOS_CITIUS_E_PECAS\ARQUIVO_OFICIAL_TRIBUNAL\PROC_3719_CAUTELAR_ARQUIVADO\3719_25_0T8LSB_REF_SEMREF_ATO_A_CLASSIFICAR_He45d181b.pdf,e45d181b1bcb398a240811dd8c4e01c6dfb4aeb48659499445a4b7015bc28e34,287.39,3719/25.0T8LSB,0.58,PARCIAL,N/A,NAO,55,0,0
390,3719_25_0T8LSB_REF_SEMREF_ATO_A_CLASSIFICAR_He7048c4a.pdf,03_RESULTADOS\04_DOCUMENTOS_CITIUS_E_PECAS\ARQUIVO_OFICIAL_TRIBUNAL\PROC_3719_CAUTELAR_ARQUIVADO\3719_25_0T8LSB_REF_SEMREF_ATO_A_CLASSIFICAR_He7048c4a.pdf,e7048c4aa0c2de820abf3d84156fb206ae381df173dc6b84c929502345093e90,676.05,3719/25.0T8LSB,0.58,PARCIAL,N/A,NAO,43,0,0
391,3719_25_0T8LSB_REF_SEMREF_ATO_A_CLASSIFICAR_Hed749321.pdf,03_RESULTADOS\04_DOCUMENTOS_CITIUS_E_PECAS\ARQUIVO_OFICIAL_TRIBUNAL\PROC_3719_CAUTELAR_ARQUIVADO\3719_25_0T8LSB_REF_SEMREF_ATO_A_CLASSIFICAR_Hed749321.pdf,ed749321be458060a6f33d91bcd1e833422df05e414ec1c302e63528d0d43b67,57.37,3719/25.0T8LSB,0.58,PARCIAL,N/A,NAO,9,0,0
392,3719_25_0T8LSB_REF_SEMREF_ATO_A_CLASSIFICAR_Hef782aba.pdf,03_RESULTADOS\04_DOCUMENTOS_CITIUS_E_PECAS\ARQUIVO_OFICIAL_TRIBUNAL\PROC_3719_CAUTELAR_ARQUIVADO\3719_25_0T8LSB_REF_SEMREF_ATO_A_CLASSIFICAR_Hef782aba.pdf,ef782abaf14e74c6bf7584cbf97d1bea334af62232585cc60b10ada0d8575fc3,699.18,3719/25.0T8LSB,0.58,PARCIAL,N/A,NAO,16,0,0
393,3719_25_0T8LSB_REF_SEMREF_ATO_A_CLASSIFICAR_Hf0a84308.pdf,03_RESULTADOS\04_DOCUMENTOS_CITIUS_E_PECAS\ARQUIVO_OFICIAL_TRIBUNAL\PROC_3719_CAUTELAR_ARQUIVADO\3719_25_0T8LSB_REF_SEMREF_ATO_A_CLASSIFICAR_Hf0a84308.pdf,f0a84308382efa819ae97d80d9f798725947e76afab21e0924abeefd7ffd8b84,127.07,3719/25.0T8LSB,0.58,PARCIAL,N/A,NAO,13,0,0
394,3719_25_0T8LSB_REF_SEMREF_ATO__alt.pdf,03_RESULTADOS\04_DOCUMENTOS_CITIUS_E_PECAS\ARQUIVO_OFICIAL_TRIBUNAL\PROC_3719_CAUTELAR_ARQUIVADO\3719_25_0T8LSB_REF_SEMREF_ATO__alt.pdf,f0a84308382efa819ae97d80d9f798725947e76afab21e0924abeefd7ffd8b84,127.07,3719/25.0T8LSB,0.58,PARCIAL,N/A,NAO,13,0,0
395,3719_25_0T8LSB_REF_SEMREF_COMPROVATIVO.pdf,03_RESULTADOS\04_DOCUMENTOS_CITIUS_E_PECAS\ARQUIVO_OFICIAL_TRIBUNAL\PROC_3719_CAUTELAR_ARQUIVADO\3719_25_0T8LSB_REF_SEMREF_COMPROVATIVO.pdf,63d0485cd9fb0ce8122b527743246fd0d6315073e6ef8971bf713e6e4a2c007b,8.44,3719/25.0T8LSB,0.58,PARCIAL,N/A,NAO,2,0,0
396,3719_25_0T8LSB_REF_SEMREF_COMPROVATIVO_H40238955.pdf,03_RESULTADOS\04_DOCUMENTOS_CITIUS_E_PECAS\ARQUIVO_OFICIAL_TRIBUNAL\PROC_3719_CAUTELAR_ARQUIVADO\3719_25_0T8LSB_REF_SEMREF_COMPROVATIVO_H40238955.pdf,4023895547d5a8ca6e350528e0878d5d7acef5c804aa5d849f3071d2b62f9266,36.64,3719/25.0T8LSB,0.58,PARCIAL,N/A,NAO,9,0,0
397,3719_25_0T8LSB_REF_SEMREF_COMPROVATIVO_Hab48ae24.pdf,03_RESULTADOS\04_DOCUMENTOS_CITIUS_E_PECAS\ARQUIVO_OFICIAL_TRIBUNAL\PROC_3719_CAUTELAR_ARQUIVADO\3719_25_0T8LSB_REF_SEMREF_COMPROVATIVO_Hab48ae24.pdf,ab48ae241999bbe7a1fcf966131c8dede544d62c0f83240bb82afdd3bb4cd8f2,707.9,3719/25.0T8LSB,0.58,PARCIAL,N/A,NAO,16,0,0
398,3719_25_0T8LSB_REF_SEMREF_COMP_alt.pdf,03_RESULTADOS\04_DOCUMENTOS_CITIUS_E_PECAS\ARQUIVO_OFICIAL_TRIBUNAL\PROC_3719_CAUTELAR_ARQUIVADO\3719_25_0T8LSB_REF_SEMREF_COMP_alt.pdf,ab48ae241999bbe7a1fcf966131c8dede544d62c0f83240bb82afdd3bb4cd8f2,707.9,3719/25.0T8LSB,0.58,PARCIAL,N/A,NAO,16,0,0
399,3719_25_0T8LSB_REF_SEMREF_DESPACHO.pdf,03_RESULTADOS\04_DOCUMENTOS_CITIUS_E_PECAS\ARQUIVO_OFICIAL_TRIBUNAL\PROC_3719_CAUTELAR_ARQUIVADO\3719_25_0T8LSB_REF_SEMREF_DESPACHO.pdf,244f6e44f860c6963fac68ba4e53a078a2d2f114b2e94a7b6ee445614f296527,474.91,3719/25.0T8LSB,0.58,PARCIAL,N/A,NAO,53,0,0
400,3719_25_0T8LSB_REF_SEMREF_DESPACHO_H02d205ff.pdf,03_RESULTADOS\04_DOCUMENTOS_CITIUS_E_PECAS\ARQUIVO_OFICIAL_TRIBUNAL\PROC_3719_CAUTELAR_ARQUIVADO\3719_25_0T8LSB_REF_SEMREF_DESPACHO_H02d205ff.pdf,02d205ff3bce3e88d7f3c3d4946f3eeab6935c65922d32d61752e69c02180f2f,112.28,3719/25.0T8LSB,0.58,PARCIAL,N/A,NAO,14,0,0
401,3719_25_0T8LSB_REF_SEMREF_DESPACHO_H13d2ee49.pdf,03_RESULTADOS\04_DOCUMENTOS_CITIUS_E_PECAS\ARQUIVO_OFICIAL_TRIBUNAL\PROC_3719_CAUTELAR_ARQUIVADO\3719_25_0T8LSB_REF_SEMREF_DESPACHO_H13d2ee49.pdf,13d2ee494b27a551786b058a44746ff19bd469a63b56ad3114ee0d5deb18a73f,130.63,3719/25.0T8LSB,1.0,DOCUMENTADO,N/A,NAO,21,0,0
402,3719_25_0T8LSB_REF_SEMREF_DESPACHO_H1d7cab24.pdf,03_RESULTADOS\04_DOCUMENTOS_CITIUS_E_PECAS\ARQUIVO_OFICIAL_TRIBUNAL\PROC_3719_CAUTELAR_ARQUIVADO\3719_25_0T8LSB_REF_SEMREF_DESPACHO_H1d7cab24.pdf,1d7cab24be8bbfd954dfcec4715cfe590274728789a56951ef5131aeeff92b2a,339.55,3719/25.0T8LSB,0.58,PARCIAL,N/A,NAO,10,0,0
403,3719_25_0T8LSB_REF_SEMREF_DESPACHO_H9a030c45.pdf,03_RESULTADOS\04_DOCUMENTOS_CITIUS_E_PECAS\ARQUIVO_OFICIAL_TRIBUNAL\PROC_3719_CAUTELAR_ARQUIVADO\3719_25_0T8LSB_REF_SEMREF_DESPACHO_H9a030c45.pdf,9a030c45547e49335d46f5256cd770c43c58b395c1504cc6fc4fbe1da81c284b,131.11,3719/25.0T8LSB,1.0,DOCUMENTADO,N/A,NAO,21,0,0
404,3719_25_0T8LSB_REF_SEMREF_DESP_alt.pdf,03_RESULTADOS\04_DOCUMENTOS_CITIUS_E_PECAS\ARQUIVO_OFICIAL_TRIBUNAL\PROC_3719_CAUTELAR_ARQUIVADO\3719_25_0T8LSB_REF_SEMREF_DESP_alt.pdf,9a030c45547e49335d46f5256cd770c43c58b395c1504cc6fc4fbe1da81c284b,131.11,3719/25.0T8LSB,1.0,DOCUMENTADO,N/A,NAO,21,0,0
405,3719_25_0T8LSB_REF_SEMREF_REQUERIMENTO.pdf,03_RESULTADOS\04_DOCUMENTOS_CITIUS_E_PECAS\ARQUIVO_OFICIAL_TRIBUNAL\PROC_3719_CAUTELAR_ARQUIVADO\3719_25_0T8LSB_REF_SEMREF_REQUERIMENTO.pdf,d7f25e39b2a6ef1565ee739ee43a2fafc518581c6049ee31a037d89fe6e294a0,19.76,3719/25.0T8LSB,1.0,DOCUMENTADO,N/A,NAO,6,0,0
406,3719_25_0T8LSB_REF_SEMREF_REQUERIMENTO_H650c2cfb.pdf,03_RESULTADOS\04_DOCUMENTOS_CITIUS_E_PECAS\ARQUIVO_OFICIAL_TRIBUNAL\PROC_3719_CAUTELAR_ARQUIVADO\3719_25_0T8LSB_REF_SEMREF_REQUERIMENTO_H650c2cfb.pdf,650c2cfb01a6982bf6cfb85587f38bc4b24ab0db93b79f2c26ba4021686ad06c,19.93,3719/25.0T8LSB,1.0,DOCUMENTADO,N/A,NAO,6,0,0
407,3719_25_0T8LSB_REF_SEMREF_REQUERIMENTO_H9d86a750.pdf,03_RESULTADOS\04_DOCUMENTOS_CITIUS_E_PECAS\ARQUIVO_OFICIAL_TRIBUNAL\PROC_3719_CAUTELAR_ARQUIVADO\3719_25_0T8LSB_REF_SEMREF_REQUERIMENTO_H9d86a750.pdf,9d86a750372b182589d5e3e08b0bf48db17bc160a61a55ef9aec1d35b3881441,19.78,3719/25.0T8LSB,1.0,DOCUMENTADO,N/A,NAO,6,0,0
408,3719_25_0T8LSB_REF_SEMREF_REQUERIMENTO_Ha465a3c4.pdf,03_RESULTADOS\04_DOCUMENTOS_CITIUS_E_PECAS\ARQUIVO_OFICIAL_TRIBUNAL\PROC_3719_CAUTELAR_ARQUIVADO\3719_25_0T8LSB_REF_SEMREF_REQUERIMENTO_Ha465a3c4.pdf,a465a3c4f5c94a3e36d9e78999c7ebac18278fbdb29d3439fa01a35f44a4d470,19.77,3719/25.0T8LSB,1.0,DOCUMENTADO,N/A,NAO,6,0,0
409,3719_25_0T8LSB_REF_SEMREF_REQUERIMENTO_Hcf16c65f.pdf,03_RESULTADOS\04_DOCUMENTOS_CITIUS_E_PECAS\ARQUIVO_OFICIAL_TRIBUNAL\PROC_3719_CAUTELAR_ARQUIVADO\3719_25_0T8LSB_REF_SEMREF_REQUERIMENTO_Hcf16c65f.pdf,cf16c65f4965874afeaf0e99aa31af515e165e646fb71ee9f4ec73a2fe90c776,19.85,3719/25.0T8LSB,1.0,DOCUMENTADO,N/A,NAO,6,0,0
410,3719_25_0T8LSB_REF_SEMREF_REQUERIMENTO_Hee40d679.pdf,03_RESULTADOS\04_DOCUMENTOS_CITIUS_E_PECAS\ARQUIVO_OFICIAL_TRIBUNAL\PROC_3719_CAUTELAR_ARQUIVADO\3719_25_0T8LSB_REF_SEMREF_REQUERIMENTO_Hee40d679.pdf,ee40d6791ff70f8c9842ea0c8057c926c4bf5d3ad574bae44660689ceb9f494c,19.78,3719/25.0T8LSB,1.0,DOCUMENTADO,N/A,NAO,6,0,0
411,3719_25_0T8LSB_REF_SEMREF_REQUERIMENTO_Hfb5865a3.pdf,03_RESULTADOS\04_DOCUMENTOS_CITIUS_E_PECAS\ARQUIVO_OFICIAL_TRIBUNAL\PROC_3719_CAUTELAR_ARQUIVADO\3719_25_0T8LSB_REF_SEMREF_REQUERIMENTO_Hfb5865a3.pdf,fb5865a3e8eb9adc42cb5e6673bf8d89388042633c345be7175f1e35a0aeb183,19.79,3719/25.0T8LSB,1.0,DOCUMENTADO,N/A,NAO,6,0,0
412,3719_25_0T8LSB_REF_SEMREF_REQU_alt.pdf,03_RESULTADOS\04_DOCUMENTOS_CITIUS_E_PECAS\ARQUIVO_OFICIAL_TRIBUNAL\PROC_3719_CAUTELAR_ARQUIVADO\3719_25_0T8LSB_REF_SEMREF_REQU_alt.pdf,fb5865a3e8eb9adc42cb5e6673bf8d89388042633c345be7175f1e35a0aeb183,19.79,3719/25.0T8LSB,1.0,DOCUMENTADO,N/A,NAO,6,0,0
413,3719_25_0T8LSB_REF_SEMREF_SENTENCA.pdf,03_RESULTADOS\04_DOCUMENTOS_CITIUS_E_PECAS\ARQUIVO_OFICIAL_TRIBUNAL\PROC_3719_CAUTELAR_ARQUIVADO\3719_25_0T8LSB_REF_SEMREF_SENTENCA.pdf,d951660d2d1b9b6a2eeaf65d80ad2c9be85c5bf7fba5bd942482f5f9f96e2499,114.47,3719/25.0T8LSB,0.58,PARCIAL,N/A,NAO,7,0,0
414,3719_25_0T8LSB_REF_SEMREF_SENTENCA_H277677fb.pdf,03_RESULTADOS\04_DOCUMENTOS_CITIUS_E_PECAS\ARQUIVO_OFICIAL_TRIBUNAL\PROC_3719_CAUTELAR_ARQUIVADO\3719_25_0T8LSB_REF_SEMREF_SENTENCA_H277677fb.pdf,277677fb8c3b3ac1d39accfab4049626d501f5e9566b255ce19dc3106ba8b8d8,129.87,3719/25.0T8LSB,1.0,DOCUMENTADO,N/A,NAO,21,0,0
415,3719_25_0T8LSB_REF_SEMREF_SENTENCA_Heb986098.pdf,03_RESULTADOS\04_DOCUMENTOS_CITIUS_E_PECAS\ARQUIVO_OFICIAL_TRIBUNAL\PROC_3719_CAUTELAR_ARQUIVADO\3719_25_0T8LSB_REF_SEMREF_SENTENCA_Heb986098.pdf,eb9860980f0c85b3cf8aeec9325eb82487b347e163f1130fe8f9bd7f1d7542a6,134.76,3719/25.0T8LSB,0.58,PARCIAL,N/A,NAO,18,0,0
416,3719_25_0T8LSB_REF_SEMREF_SENT_alt.pdf,03_RESULTADOS\04_DOCUMENTOS_CITIUS_E_PECAS\ARQUIVO_OFICIAL_TRIBUNAL\PROC_3719_CAUTELAR_ARQUIVADO\3719_25_0T8LSB_REF_SEMREF_SENT_alt.pdf,eb9860980f0c85b3cf8aeec9325eb82487b347e163f1130fe8f9bd7f1d7542a6,134.76,3719/25.0T8LSB,0.58,PARCIAL,N/A,NAO,18,0,0
417,Analise_Detalhada_da_Conduta_d_alt.pdf,03_RESULTADOS\04_DOCUMENTOS_CITIUS_E_PECAS\ARQUIVO_OFICIAL_TRIBUNAL\PROC_23142_EXECUCAO_TRL\Analise_Detalhada_da_Conduta_d_alt.pdf,74d804e493e61d33eecc6b4bff6ad144f8deb5042d381f2279c760752d0fd97a,118.3,N/A,0.0,NAO_INDICIADO,N/A,NAO,34,0,0
418,Analise_Detalhada_da_Conduta_do_Advogado_Varela_e_Defesa_de_Nuno_Duarte_-_Google_Docs.pdf,03_RESULTADOS\04_DOCUMENTOS_CITIUS_E_PECAS\ARQUIVO_OFICIAL_TRIBUNAL\PROC_23142_EXECUCAO_TRL\Analise_Detalhada_da_Conduta_do_Advogado_Varela_e_Defesa_de_Nuno_Duarte_-_Google_Docs.pdf,74d804e493e61d33eecc6b4bff6ad144f8deb5042d381f2279c760752d0fd97a,118.3,N/A,0.0,NAO_INDICIADO,N/A,NAO,34,0,0
419,Bitcoin-Red-Pill-2a-Edicao-O-R_alt.pdf,03_RESULTADOS\04_DOCUMENTOS_CITIUS_E_PECAS\ARQUIVO_OFICIAL_TRIBUNAL\PROC_23142_EXECUCAO_TRL\Bitcoin-Red-Pill-2a-Edicao-O-R_alt.pdf,91d5db3750e5147c74495facceaf19a687e3c6b7e5ef34e32c3f3602c8dd6ee9,5817.6,N/A,0.0,NAO_INDICIADO,N/A,NAO,421,0,0
420,Bitcoin-Red-Pill-2a-Edicao-O-Renascimento-Moral-Material-e-Tecnologico-by-Renato-Amoedo-Nadier-Rodri.pdf,03_RESULTADOS\04_DOCUMENTOS_CITIUS_E_PECAS\ARQUIVO_OFICIAL_TRIBUNAL\PROC_23142_EXECUCAO_TRL\Bitcoin-Red-Pill-2a-Edicao-O-Renascimento-Moral-Material-e-Tecnologico-by-Renato-Amoedo-Nadier-Rodri.pdf,91d5db3750e5147c74495facceaf19a687e3c6b7e5ef34e32c3f3602c8dd6ee9,5817.6,N/A,0.0,NAO_INDICIADO,N/A,NAO,421,0,0
421,Bitcoin_Red_Pill_-_Alan_Schram_alt.pdf,03_RESULTADOS\04_DOCUMENTOS_CITIUS_E_PECAS\ARQUIVO_OFICIAL_TRIBUNAL\PROC_23142_EXECUCAO_TRL\Bitcoin_Red_Pill_-_Alan_Schram_alt.pdf,5d6c2db307001e25998eed9676dc7858b52871ff2f448df0c0160811602b0600,65022.73,N/A,0.0,NAO_INDICIADO,N/A,NAO,599,0,2
422,Bitcoin_Red_Pill_-_Alan_Schramm_de_Lima_Renato_Amoedo_pdf_PDF_Host.pdf,03_RESULTADOS\04_DOCUMENTOS_CITIUS_E_PECAS\ARQUIVO_OFICIAL_TRIBUNAL\PROC_23142_EXECUCAO_TRL\Bitcoin_Red_Pill_-_Alan_Schramm_de_Lima_Renato_Amoedo_pdf_PDF_Host.pdf,5d6c2db307001e25998eed9676dc7858b52871ff2f448df0c0160811602b0600,65022.73,N/A,0.0,NAO_INDICIADO,N/A,NAO,599,0,2
423,CENTENARIO_2024-02-06_EXECUCAO_REQUERIMENTO_OUTRAS_QUESTOES_NUNO_RUA.pdf,03_RESULTADOS\04_DOCUMENTOS_CITIUS_E_PECAS\ARQUIVO_OFICIAL_TRIBUNAL\PROC_23142_EXECUCAO_TRL\CENTENARIO_2024-02-06_EXECUCAO_REQUERIMENTO_OUTRAS_QUESTOES_NUNO_RUA.pdf,36d721cfa37d5eb89760a50b5f6a7dbe86ebec42a339ec67a2194b925864c656,26.07,23142/22.7T8LSB,1.0,DOCUMENTADO,N/A,NAO,7,0,0
424,CENTENARIO_2024-02-06_EXECUCAO_alt.pdf,03_RESULTADOS\04_DOCUMENTOS_CITIUS_E_PECAS\ARQUIVO_OFICIAL_TRIBUNAL\PROC_23142_EXECUCAO_TRL\CENTENARIO_2024-02-06_EXECUCAO_alt.pdf,36d721cfa37d5eb89760a50b5f6a7dbe86ebec42a339ec67a2194b925864c656,26.07,23142/22.7T8LSB,1.0,DOCUMENTADO,N/A,NAO,7,0,0
425,CENTENARIO_2025-07-03_NOT_quer_alt.pdf,03_RESULTADOS\04_DOCUMENTOS_CITIUS_E_PECAS\ARQUIVO_OFICIAL_TRIBUNAL\PROC_23142_EXECUCAO_TRL\CENTENARIO_2025-07-03_NOT_quer_alt.pdf,e889c77166a34a4c79a3c87c59f2df516683bbc4a454bfb79480bc63747eb077,84.42,N/A,0.0,NAO_INDICIADO,N/A,NAO,16,0,0
426,CENTENARIO_2025-07-03_NOT_querendo_exercer_o_contraditorio_e_pronunciar_CITA_FLR.pdf,03_RESULTADOS\04_DOCUMENTOS_CITIUS_E_PECAS\ARQUIVO_OFICIAL_TRIBUNAL\PROC_23142_EXECUCAO_TRL\CENTENARIO_2025-07-03_NOT_querendo_exercer_o_contraditorio_e_pronunciar_CITA_FLR.pdf,e889c77166a34a4c79a3c87c59f2df516683bbc4a454bfb79480bc63747eb077,84.42,N/A,0.0,NAO_INDICIADO,N/A,NAO,16,0,0
427,CENTENARIO_DESCRICAO.pdf,03_RESULTADOS\04_DOCUMENTOS_CITIUS_E_PECAS\ARQUIVO_OFICIAL_TRIBUNAL\PROC_23142_EXECUCAO_TRL\CENTENARIO_DESCRICAO.pdf,3fb2f642408d99d56467da0de3171aaf1d7de8936c2dc76eaf623a78f937dad0,61.75,N/A,0.0,NAO_INDICIADO,N/A,NAO,16,3,0
428,CENTENARIO_DESCRICAO_alt.pdf,03_RESULTADOS\04_DOCUMENTOS_CITIUS_E_PECAS\ARQUIVO_OFICIAL_TRIBUNAL\PROC_23142_EXECUCAO_TRL\CENTENARIO_DESCRICAO_alt.pdf,3fb2f642408d99d56467da0de3171aaf1d7de8936c2dc76eaf623a78f937dad0,61.75,N/A,0.0,NAO_INDICIADO,N/A,NAO,16,3,0
429,CENTENARIO_VARELA_NUNO_FILIPE__alt.pdf,03_RESULTADOS\04_DOCUMENTOS_CITIUS_E_PECAS\ARQUIVO_OFICIAL_TRIBUNAL\PROC_23142_EXECUCAO_TRL\CENTENARIO_VARELA_NUNO_FILIPE__alt.pdf,4cd691ac929fc8e0047a5710ec8ecb040c63fa11ca6b3bda3ac42d89337fd7b7,58.36,N/A,0.0,NAO_INDICIADO,N/A,NAO,14,0,0
430,CITADO_UNICRE_20260824050205.pdf,03_RESULTADOS\04_DOCUMENTOS_CITIUS_E_PECAS\ARQUIVO_OFICIAL_TRIBUNAL\PROC_10153_UNICRE_SUSPENSO\CITADO_UNICRE_20260824050205.pdf,8210a0954ca2a954e34b2b108bbde42416dd5d066415d6afe7720d9f2e6644c8,123.99,N/A,0.0,NAO_INDICIADO,N/A,NAO,20,2,0
431,CITADO_UNICRE_20260824050205_alt.pdf,03_RESULTADOS\04_DOCUMENTOS_CITIUS_E_PECAS\ARQUIVO_OFICIAL_TRIBUNAL\PROC_10153_UNICRE_SUSPENSO\CITADO_UNICRE_20260824050205_alt.pdf,8210a0954ca2a954e34b2b108bbde42416dd5d066415d6afe7720d9f2e6644c8,123.99,N/A,0.0,NAO_INDICIADO,N/A,NAO,20,2,0
432,CLEBER_CONTRATO_APOS_REUNIAO_COM_VARELA.pdf,03_RESULTADOS\04_DOCUMENTOS_CITIUS_E_PECAS\ARQUIVO_OFICIAL_TRIBUNAL\PROC_23142_EXECUCAO_TRL\CLEBER_CONTRATO_APOS_REUNIAO_COM_VARELA.pdf,3ae947a842fb6e8d502a7d55e5ca00c0dc21494e0df74c29307a13d6f36f17ab,556.14,N/A,0.0,NAO_INDICIADO,N/A,NAO,23,0,0
433,CLEBER_CONTRATO_APOS_REUNIAO_C_alt.pdf,03_RESULTADOS\04_DOCUMENTOS_CITIUS_E_PECAS\ARQUIVO_OFICIAL_TRIBUNAL\PROC_23142_EXECUCAO_TRL\CLEBER_CONTRATO_APOS_REUNIAO_C_alt.pdf,3ae947a842fb6e8d502a7d55e5ca00c0dc21494e0df74c29307a13d6f36f17ab,556.14,N/A,0.0,NAO_INDICIADO,N/A,NAO,23,0,0
434,COMPLETA_PROVIDENCIA_CAUTELAR__alt.pdf,03_RESULTADOS\04_DOCUMENTOS_CITIUS_E_PECAS\ARQUIVO_OFICIAL_TRIBUNAL\PROC_3719_CAUTELAR_ARQUIVADO\COMPLETA_PROVIDENCIA_CAUTELAR__alt.pdf,504b57d8f712b4f34767b583b9435365e5dad8ac63783d9b99b0c9a155710a70,23354.66,N/A,0.0,NAO_INDICIADO,N/A,NAO,57,0,2
435,CONTRA_ALEGACOES_23142_DEFINITIVO.pdf,03_RESULTADOS\04_DOCUMENTOS_CITIUS_E_PECAS\ARQUIVO_OFICIAL_TRIBUNAL\PROC_23142_EXECUCAO_TRL\CONTRA_ALEGACOES_23142_DEFINITIVO.pdf,89dcb37f439a8cc14e97315243604de3212131f9233104a33d51d6d0fc702e80,47.72,23142/22.7T8LSB,1.0,DOCUMENTADO,N/A,NAO,22,0,0
436,CONTRA_ALEGACOES_23142_DEFINIT_alt.pdf,03_RESULTADOS\04_DOCUMENTOS_CITIUS_E_PECAS\ARQUIVO_OFICIAL_TRIBUNAL\PROC_23142_EXECUCAO_TRL\CONTRA_ALEGACOES_23142_DEFINIT_alt.pdf,89dcb37f439a8cc14e97315243604de3212131f9233104a33d51d6d0fc702e80,47.72,23142/22.7T8LSB,1.0,DOCUMENTADO,N/A,NAO,22,0,0
437,CONTRA_ALEGACOES_CENTENARIO_FINAL_RIGOR.pdf,03_RESULTADOS\04_DOCUMENTOS_CITIUS_E_PECAS\ARQUIVO_OFICIAL_TRIBUNAL\PROC_23142_EXECUCAO_TRL\CONTRA_ALEGACOES_CENTENARIO_FINAL_RIGOR.pdf,20c9d16508370eda4a335c55d9195b0c4d09e5d093ddd8cc5f0a4f4b07995ca4,75.08,N/A,0.0,NAO_INDICIADO,N/A,NAO,11,0,0
438,CONTRA_ALEGACOES_CENTENARIO_FI_alt.pdf,03_RESULTADOS\04_DOCUMENTOS_CITIUS_E_PECAS\ARQUIVO_OFICIAL_TRIBUNAL\PROC_23142_EXECUCAO_TRL\CONTRA_ALEGACOES_CENTENARIO_FI_alt.pdf,20c9d16508370eda4a335c55d9195b0c4d09e5d093ddd8cc5f0a4f4b07995ca4,75.08,N/A,0.0,NAO_INDICIADO,N/A,NAO,11,0,0
439,Centenario_Analise_Cronologica_Detalhada_do_Caso_Juridico_-_Google_Docs.pdf,03_RESULTADOS\04_DOCUMENTOS_CITIUS_E_PECAS\ARQUIVO_OFICIAL_TRIBUNAL\PROC_23142_EXECUCAO_TRL\Centenario_Analise_Cronologica_Detalhada_do_Caso_Juridico_-_Google_Docs.pdf,42fabade4b2a26fa2467686f6eb689488631375895f7a2c4f19d94538600ecaf,58.58,N/A,0.0,NAO_INDICIADO,N/A,NAO,14,0,0
440,Centenario_Analise_Cronologica_alt.pdf,03_RESULTADOS\04_DOCUMENTOS_CITIUS_E_PECAS\ARQUIVO_OFICIAL_TRIBUNAL\PROC_23142_EXECUCAO_TRL\Centenario_Analise_Cronologica_alt.pdf,42fabade4b2a26fa2467686f6eb689488631375895f7a2c4f19d94538600ecaf,58.58,N/A,0.0,NAO_INDICIADO,N/A,NAO,14,0,0
441,Declaracao_Rendimentos_-_Maria_Teresa_Castro_Bangueses.pdf,03_RESULTADOS\04_DOCUMENTOS_CITIUS_E_PECAS\ARQUIVO_OFICIAL_TRIBUNAL\PROC_3719_CAUTELAR_ARQUIVADO\Declaracao_Rendimentos_-_Maria_Teresa_Castro_Bangueses.pdf,c120f28da5cb63516443bac8c0bb987d24f5866deb1594bd47fcebceb31f007a,860.2,N/A,0.0,NAO_INDICIADO,N/A,NAO,2,0,0
442,Dossier_Processo_3719.pdf,03_RESULTADOS\04_DOCUMENTOS_CITIUS_E_PECAS\ARQUIVO_OFICIAL_TRIBUNAL\PROC_3719_CAUTELAR_ARQUIVADO\Dossier_Processo_3719.pdf,1e020fdac46b28d7e3b9982312c196e777a6ce7f02385f55fa608718d6d3c0b3,227.44,N/A,0.0,NAO_INDICIADO,N/A,NAO,188,0,0
443,Dossier_Processo_3719_alt.pdf,03_RESULTADOS\04_DOCUMENTOS_CITIUS_E_PECAS\ARQUIVO_OFICIAL_TRIBUNAL\PROC_3719_CAUTELAR_ARQUIVADO\Dossier_Processo_3719_alt.pdf,1e020fdac46b28d7e3b9982312c196e777a6ce7f02385f55fa608718d6d3c0b3,227.44,N/A,0.0,NAO_INDICIADO,N/A,NAO,188,0,0
444,LAVANDARIA_CENTENARIO_84_alt.pdf,03_RESULTADOS\04_DOCUMENTOS_CITIUS_E_PECAS\ARQUIVO_OFICIAL_TRIBUNAL\PROC_23142_EXECUCAO_TRL\LAVANDARIA_CENTENARIO_84_alt.pdf,1e7fb98554015cfd4d3cdc57251b87d2a802ff88a96e2494bad4ab8459635906,257.42,N/A,0.0,NAO_INDICIADO,N/A,NAO,11,1,0
445,LEA_renato_duarte_lisbonexp_co_alt.pdf,03_RESULTADOS\04_DOCUMENTOS_CITIUS_E_PECAS\ARQUIVO_OFICIAL_TRIBUNAL\PROC_23142_EXECUCAO_TRL\LEA_renato_duarte_lisbonexp_co_alt.pdf,10c72f347577d7c9682d16923499fffc18c351e9657639cdc04af99561d67d06,367.91,N/A,0.0,NAO_INDICIADO,N/A,NAO,26,1,0
446,LEA_renato_duarte_lisbonexp_com_A_C_NUNO_-_2025_08_04_03_24.pdf,03_RESULTADOS\04_DOCUMENTOS_CITIUS_E_PECAS\ARQUIVO_OFICIAL_TRIBUNAL\PROC_23142_EXECUCAO_TRL\LEA_renato_duarte_lisbonexp_com_A_C_NUNO_-_2025_08_04_03_24.pdf,10c72f347577d7c9682d16923499fffc18c351e9657639cdc04af99561d67d06,367.91,N/A,0.0,NAO_INDICIADO,N/A,NAO,26,1,0
447,MAPA_CRIMINAL_MARIA_TERESA_JOA_alt.pdf,03_RESULTADOS\04_DOCUMENTOS_CITIUS_E_PECAS\ARQUIVO_OFICIAL_TRIBUNAL\PROC_3719_CAUTELAR_ARQUIVADO\MAPA_CRIMINAL_MARIA_TERESA_JOA_alt.pdf,d1c1ea3e79440b236cd21b535f7d47a5491a4df958de4f138fc9aa35318bd1b1,232.37,N/A,0.0,NAO_INDICIADO,N/A,NAO,184,6,0
448,OUTPUT_DOCUMENTOS_CITIUS_PECA_JUDICIAL_10153_24_7T8LSB-A_20260818_150430.pdf,03_RESULTADOS\04_DOCUMENTOS_CITIUS_E_PECAS\ARQUIVO_OFICIAL_TRIBUNAL\PROC_10153_UNICRE_SUSPENSO\OUTPUT_DOCUMENTOS_CITIUS_PECA_JUDICIAL_10153_24_7T8LSB-A_20260818_150430.pdf,386c55b6459a22ea13ca6bd26705eca8a0d23c639fa63a1cd9ae5146b0cbe7c0,114.51,10153/24.7T8LSB,0.58,PARCIAL,N/A,NAO,12,0,0
449,OUTPUT_DOCUMENTOS_CITIUS_PECA_JUDICIAL_10153_24_7T8LSB-A_20260818_150500.pdf,03_RESULTADOS\04_DOCUMENTOS_CITIUS_E_PECAS\ARQUIVO_OFICIAL_TRIBUNAL\PROC_10153_UNICRE_SUSPENSO\OUTPUT_DOCUMENTOS_CITIUS_PECA_JUDICIAL_10153_24_7T8LSB-A_20260818_150500.pdf,6ff8bcb087fbd4b5e347806d967e65f62855d27a813d71492f6f0a824a709aa2,114.51,10153/24.7T8LSB,0.58,PARCIAL,N/A,NAO,12,0,0
450,OUTPUT_DOCUMENTOS_CITIUS_PECA_JUDICIAL_15547_26_0T8LSB_20260818_150504.pdf,03_RESULTADOS\04_DOCUMENTOS_CITIUS_E_PECAS\ARQUIVO_OFICIAL_TRIBUNAL\PROC_15547_REIVINDICACAO\OUTPUT_DOCUMENTOS_CITIUS_PECA_JUDICIAL_15547_26_0T8LSB_20260818_150504.pdf,b7c0a4a4b1762bedfd6a6b2f61b6f8eda6c7830239ca2c0d5606c428cecb6556,114.16,15547/26.0T8LSB,0.58,PARCIAL,N/A,NAO,12,0,0
451,OUTPUT_DOCUMENTOS_CITIUS_PECA_JUDICIAL_23142_22_7T8LSB_20260818_150508.pdf,03_RESULTADOS\04_DOCUMENTOS_CITIUS_E_PECAS\ARQUIVO_OFICIAL_TRIBUNAL\PROC_23142_EXECUCAO_TRL\OUTPUT_DOCUMENTOS_CITIUS_PECA_JUDICIAL_23142_22_7T8LSB_20260818_150508.pdf,6d604b5f47d4b081d4182f7c7db92330ab22e03a4b4ff91b74e660556d0b0d5f,114.41,23142/22.7T8LSB,0.58,PARCIAL,N/A,NAO,12,0,0
452,OUTPUT_DOCUMENTOS_CITIUS_PECA_JUDICIAL_3719_25_0T8LSB_20260818_150506.pdf,03_RESULTADOS\04_DOCUMENTOS_CITIUS_E_PECAS\ARQUIVO_OFICIAL_TRIBUNAL\PROC_3719_CAUTELAR_ARQUIVADO\OUTPUT_DOCUMENTOS_CITIUS_PECA_JUDICIAL_3719_25_0T8LSB_20260818_150506.pdf,384306885d46fb37da0f2f42bcd7ac14793475fa81fea680ee02ae22e7f1d987,114.64,3719/25.0T8LSB,0.58,PARCIAL,N/A,NAO,12,0,0
453,OUTPUT_DOCUMENTOS_CITIUS_PECA__alt.pdf,03_RESULTADOS\04_DOCUMENTOS_CITIUS_E_PECAS\ARQUIVO_OFICIAL_TRIBUNAL\PROC_10153_UNICRE_SUSPENSO\OUTPUT_DOCUMENTOS_CITIUS_PECA__alt.pdf,6ff8bcb087fbd4b5e347806d967e65f62855d27a813d71492f6f0a824a709aa2,114.51,N/A,0.0,NAO_INDICIADO,N/A,NAO,12,0,0
454,OUTPUT_DOCUMENTOS_CITIUS_PECA__alt.pdf,03_RESULTADOS\04_DOCUMENTOS_CITIUS_E_PECAS\ARQUIVO_OFICIAL_TRIBUNAL\PROC_15547_REIVINDICACAO\OUTPUT_DOCUMENTOS_CITIUS_PECA__alt.pdf,b7c0a4a4b1762bedfd6a6b2f61b6f8eda6c7830239ca2c0d5606c428cecb6556,114.16,N/A,0.0,NAO_INDICIADO,N/A,NAO,12,0,0
455,OUTPUT_DOCUMENTOS_CITIUS_PECA__alt.pdf,03_RESULTADOS\04_DOCUMENTOS_CITIUS_E_PECAS\ARQUIVO_OFICIAL_TRIBUNAL\PROC_23142_EXECUCAO_TRL\OUTPUT_DOCUMENTOS_CITIUS_PECA__alt.pdf,6d604b5f47d4b081d4182f7c7db92330ab22e03a4b4ff91b74e660556d0b0d5f,114.41,N/A,0.0,NAO_INDICIADO,N/A,NAO,12,0,0
456,OUTPUT_DOCUMENTOS_CITIUS_PECA__alt.pdf,03_RESULTADOS\04_DOCUMENTOS_CITIUS_E_PECAS\ARQUIVO_OFICIAL_TRIBUNAL\PROC_3719_CAUTELAR_ARQUIVADO\OUTPUT_DOCUMENTOS_CITIUS_PECA__alt.pdf,384306885d46fb37da0f2f42bcd7ac14793475fa81fea680ee02ae22e7f1d987,114.64,N/A,0.0,NAO_INDICIADO,N/A,NAO,12,0,0
457,PROC_10153_NOTIFICACAO_20251118.pdf,03_RESULTADOS\04_DOCUMENTOS_CITIUS_E_PECAS\ARQUIVO_OFICIAL_TRIBUNAL\PROC_10153_UNICRE_SUSPENSO\PROC_10153_NOTIFICACAO_20251118.pdf,919ffbc07016fdaf8e71e83240dc4021103f79bf54bb1939306e29e1d11b2ab6,88.85,10153/24.7T8LSB,1.0,DOCUMENTADO,N/A,NAO,17,0,0
458,PROC_10153_NOTIFICACAO_2025111_alt.pdf,03_RESULTADOS\04_DOCUMENTOS_CITIUS_E_PECAS\ARQUIVO_OFICIAL_TRIBUNAL\PROC_10153_UNICRE_SUSPENSO\PROC_10153_NOTIFICACAO_2025111_alt.pdf,919ffbc07016fdaf8e71e83240dc4021103f79bf54bb1939306e29e1d11b2ab6,88.85,10153/24.7T8LSB,1.0,DOCUMENTADO,N/A,NAO,17,0,0
459,PROC_15547_FACTOS_PROVADOS.pdf,03_RESULTADOS\04_DOCUMENTOS_CITIUS_E_PECAS\ARQUIVO_OFICIAL_TRIBUNAL\PROC_15547_REIVINDICACAO\PROC_15547_FACTOS_PROVADOS.pdf,5a7922ddfc4976749fc465342aad47a7915d96ae4f54f9b238ccf31e20f3c02e,86.42,N/A,0.0,NAO_INDICIADO,N/A,NAO,16,0,0
460,PROC_15547_FACTOS_PROVADOS_alt.pdf,03_RESULTADOS\04_DOCUMENTOS_CITIUS_E_PECAS\ARQUIVO_OFICIAL_TRIBUNAL\PROC_15547_REIVINDICACAO\PROC_15547_FACTOS_PROVADOS_alt.pdf,5a7922ddfc4976749fc465342aad47a7915d96ae4f54f9b238ccf31e20f3c02e,86.42,N/A,0.0,NAO_INDICIADO,N/A,NAO,16,0,0
461,PROC_23142-22-7T8LSB_DATA_20250630_EXEC_Nuno_Migue_EXEQ_Centenario.pdf,03_RESULTADOS\04_DOCUMENTOS_CITIUS_E_PECAS\ARQUIVO_OFICIAL_TRIBUNAL\PROC_23142_EXECUCAO_TRL\PROC_23142-22-7T8LSB_DATA_20250630_EXEC_Nuno_Migue_EXEQ_Centenario.pdf,64378bcca0dfa24dcbf99b21253b88d1f9f88b4fc00ba9b9f6be3157b5af4678,118.56,23142/22.7T8LSB,0.58,PARCIAL,N/A,NAO,19,0,0
462,PROC_23142-22-7T8LSB_DATA_2025_alt.pdf,03_RESULTADOS\04_DOCUMENTOS_CITIUS_E_PECAS\ARQUIVO_OFICIAL_TRIBUNAL\PROC_23142_EXECUCAO_TRL\PROC_23142-22-7T8LSB_DATA_2025_alt.pdf,64378bcca0dfa24dcbf99b21253b88d1f9f88b4fc00ba9b9f6be3157b5af4678,118.56,23142/22.7T8LSB,0.58,PARCIAL,N/A,NAO,19,0,0
463,PROC_23142-22-7T8LSB_DECISAO_DATA_20251013.pdf,03_RESULTADOS\04_DOCUMENTOS_CITIUS_E_PECAS\ARQUIVO_OFICIAL_TRIBUNAL\PROC_23142_EXECUCAO_TRL\PROC_23142-22-7T8LSB_DECISAO_DATA_20251013.pdf,795105c6fa562ed1b1bf59cba286f1153cae364c25bbe0b95325a9e0fdd27887,140.29,23142/22.7T8LSB,0.58,PARCIAL,N/A,NAO,14,0,0
464,PROC_23142-22-7T8LSB_DECISAO_DATA_20251013_1.pdf,03_RESULTADOS\04_DOCUMENTOS_CITIUS_E_PECAS\ARQUIVO_OFICIAL_TRIBUNAL\PROC_23142_EXECUCAO_TRL\PROC_23142-22-7T8LSB_DECISAO_DATA_20251013_1.pdf,8383792ec4afc42eb64ae7800489c45549d64f7533851396f3540f5020cab57e,140.29,23142/22.7T8LSB,0.58,PARCIAL,N/A,NAO,14,0,0
465,PROC_23142-22-7T8LSB_DECISAO_DATA_20251013_2.pdf,03_RESULTADOS\04_DOCUMENTOS_CITIUS_E_PECAS\ARQUIVO_OFICIAL_TRIBUNAL\PROC_23142_EXECUCAO_TRL\PROC_23142-22-7T8LSB_DECISAO_DATA_20251013_2.pdf,40104548881ed3ca1c37b6aaacebe37f381bebd91031241ad122ff3b66b8960b,140.29,23142/22.7T8LSB,0.58,PARCIAL,N/A,NAO,14,0,0
466,PROC_23142-22-7T8LSB_DECISAO_D_alt.pdf,03_RESULTADOS\04_DOCUMENTOS_CITIUS_E_PECAS\ARQUIVO_OFICIAL_TRIBUNAL\PROC_23142_EXECUCAO_TRL\PROC_23142-22-7T8LSB_DECISAO_D_alt.pdf,40104548881ed3ca1c37b6aaacebe37f381bebd91031241ad122ff3b66b8960b,140.29,23142/22.7T8LSB,0.58,PARCIAL,N/A,NAO,14,0,0
467,PROC_23142-22-7T8LSB_DESPACHO_DATA_20211209.pdf,03_RESULTADOS\04_DOCUMENTOS_CITIUS_E_PECAS\ARQUIVO_OFICIAL_TRIBUNAL\PROC_23142_EXECUCAO_TRL\PROC_23142-22-7T8LSB_DESPACHO_DATA_20211209.pdf,4b803c1a39fb9ab64186600cad13e16f42f940c443547673fef419e6a8c890d7,64.78,23142/22.7T8LSB,0.58,PARCIAL,N/A,NAO,15,0,0
468,PROC_23142-22-7T8LSB_DESPACHO_DATA_20211209_1.pdf,03_RESULTADOS\04_DOCUMENTOS_CITIUS_E_PECAS\ARQUIVO_OFICIAL_TRIBUNAL\PROC_23142_EXECUCAO_TRL\PROC_23142-22-7T8LSB_DESPACHO_DATA_20211209_1.pdf,f03971c36671c71c8b86c251edcbbf85d1675ea14cfdb35839bc2948f37f3c11,62.13,23142/22.7T8LSB,0.58,PARCIAL,N/A,NAO,15,0,0
469,PROC_23142-22-7T8LSB_DESPACHO_DATA_20221019_EXEQ_Centenario_1.pdf,03_RESULTADOS\04_DOCUMENTOS_CITIUS_E_PECAS\ARQUIVO_OFICIAL_TRIBUNAL\PROC_23142_EXECUCAO_TRL\PROC_23142-22-7T8LSB_DESPACHO_DATA_20221019_EXEQ_Centenario_1.pdf,3b986e7777ed89f942586f1333bac29bfa35ab47e6e4a01b15c00418d3503b1b,27.41,23142/22.7T8LSB,1.0,DOCUMENTADO,N/A,NAO,10,0,0
470,PROC_23142-22-7T8LSB_DESPACHO_DATA_20230630_EXEQ_Centenario_1.pdf,03_RESULTADOS\04_DOCUMENTOS_CITIUS_E_PECAS\ARQUIVO_OFICIAL_TRIBUNAL\PROC_23142_EXECUCAO_TRL\PROC_23142-22-7T8LSB_DESPACHO_DATA_20230630_EXEQ_Centenario_1.pdf,4233714350d593a28e3e849db741f230622395e8a2f5e5af90819d82535d40de,2840.08,23142/22.7T8LSB,0.58,PARCIAL,N/A,NAO,180,0,0
471,PROC_23142-22-7T8LSB_DESPACHO_DATA_20251020_EXEC_Nuno_Migue_EXEQ_Centenario_2.pdf,03_RESULTADOS\04_DOCUMENTOS_CITIUS_E_PECAS\ARQUIVO_OFICIAL_TRIBUNAL\PROC_23142_EXECUCAO_TRL\PROC_23142-22-7T8LSB_DESPACHO_DATA_20251020_EXEC_Nuno_Migue_EXEQ_Centenario_2.pdf,49d27ff97268b467f279b15fe8984141b57c3a25f7971fdbcb365f68731bd449,120.95,23142/22.7T8LSB,0.58,PARCIAL,N/A,NAO,19,0,0
472,PROC_23142-22-7T8LSB_DESPACHO_DATA_20251020_EXEC_Nuno_Migue_EXEQ_Centenario_3.pdf,03_RESULTADOS\04_DOCUMENTOS_CITIUS_E_PECAS\ARQUIVO_OFICIAL_TRIBUNAL\PROC_23142_EXECUCAO_TRL\PROC_23142-22-7T8LSB_DESPACHO_DATA_20251020_EXEC_Nuno_Migue_EXEQ_Centenario_3.pdf,003ccf96a1550b5c2d78de8f3decb57af02a6c244b9c844f7d83b38ef3b133d8,120.95,23142/22.7T8LSB,0.58,PARCIAL,N/A,NAO,19,0,0
473,PROC_23142-22-7T8LSB_DESPACHO__alt.pdf,03_RESULTADOS\04_DOCUMENTOS_CITIUS_E_PECAS\ARQUIVO_OFICIAL_TRIBUNAL\PROC_23142_EXECUCAO_TRL\PROC_23142-22-7T8LSB_DESPACHO__alt.pdf,003ccf96a1550b5c2d78de8f3decb57af02a6c244b9c844f7d83b38ef3b133d8,120.95,23142/22.7T8LSB,0.58,PARCIAL,N/A,NAO,19,0,0
474,PROC_23142-22-7T8LSB_REQUERIMENTO_DATA_20211209.pdf,03_RESULTADOS\04_DOCUMENTOS_CITIUS_E_PECAS\ARQUIVO_OFICIAL_TRIBUNAL\PROC_23142_EXECUCAO_TRL\PROC_23142-22-7T8LSB_REQUERIMENTO_DATA_20211209.pdf,ef2642d13e234c53e7451492ffcda256c391dc4df9a345be1ae9669c5430a975,115.31,23142/22.7T8LSB,0.58,PARCIAL,N/A,NAO,34,0,0
475,PROC_23142-22-7T8LSB_REQUERIMENTO_DATA_20221013.pdf,03_RESULTADOS\04_DOCUMENTOS_CITIUS_E_PECAS\ARQUIVO_OFICIAL_TRIBUNAL\PROC_23142_EXECUCAO_TRL\PROC_23142-22-7T8LSB_REQUERIMENTO_DATA_20221013.pdf,d37cfd2e6e78712eacf76777a80d06fda24a35d003742ea6c9f9ae05e6dc7386,284.52,23142/22.7T8LSB,0.58,PARCIAL,N/A,NAO,8,1,0
476,PROC_23142-22-7T8LSB_REQUERIMENTO_DATA_20221013_1.pdf,03_RESULTADOS\04_DOCUMENTOS_CITIUS_E_PECAS\ARQUIVO_OFICIAL_TRIBUNAL\PROC_23142_EXECUCAO_TRL\PROC_23142-22-7T8LSB_REQUERIMENTO_DATA_20221013_1.pdf,2c32af00f26074594538018a7ae4a74fb538b46b13b18966b3bf2e8f3006913a,282.58,23142/22.7T8LSB,0.58,PARCIAL,N/A,NAO,6,0,0
477,PROC_23142-22-7T8LSB_REQUERIMENTO_DATA_20230202_EXEQ_Centenario.pdf,03_RESULTADOS\04_DOCUMENTOS_CITIUS_E_PECAS\ARQUIVO_OFICIAL_TRIBUNAL\PROC_23142_EXECUCAO_TRL\PROC_23142-22-7T8LSB_REQUERIMENTO_DATA_20230202_EXEQ_Centenario.pdf,dffe0b749403f2b55d95a1f62833fe0316a8a5781e84de5246390df4fb833376,27.01,23142/22.7T8LSB,1.0,DOCUMENTADO,N/A,NAO,10,0,0
478,PROC_23142-22-7T8LSB_REQUERIMENTO_DATA_20231016_EXEQ_Centenario.pdf,03_RESULTADOS\04_DOCUMENTOS_CITIUS_E_PECAS\ARQUIVO_OFICIAL_TRIBUNAL\PROC_23142_EXECUCAO_TRL\PROC_23142-22-7T8LSB_REQUERIMENTO_DATA_20231016_EXEQ_Centenario.pdf,cd7a39a796328fee23fb7e8dc63bfa47fd0f0ff8a6ce719deb8d5cdb59a13425,2093.25,23142/22.7T8LSB,0.58,PARCIAL,N/A,NAO,412,0,0
479,PROC_23142-22-7T8LSB_REQUERIMENTO_DATA_20240426.pdf,03_RESULTADOS\04_DOCUMENTOS_CITIUS_E_PECAS\ARQUIVO_OFICIAL_TRIBUNAL\PROC_23142_EXECUCAO_TRL\PROC_23142-22-7T8LSB_REQUERIMENTO_DATA_20240426.pdf,e978439e4996431a51a6e6d3656055158624486c23acef321b673a2654dbe87f,52.84,23142/22.7T8LSB,0.58,PARCIAL,N/A,NAO,14,0,0
480,PROC_23142-22-7T8LSB_REQUERIME_alt.pdf,03_RESULTADOS\04_DOCUMENTOS_CITIUS_E_PECAS\ARQUIVO_OFICIAL_TRIBUNAL\PROC_23142_EXECUCAO_TRL\PROC_23142-22-7T8LSB_REQUERIME_alt.pdf,cd7a39a796328fee23fb7e8dc63bfa47fd0f0ff8a6ce719deb8d5cdb59a13425,2093.25,23142/22.7T8LSB,0.58,PARCIAL,N/A,NAO,412,0,0
481,PROC_23142-22-7T8LSB_SENTENCA_1.pdf,03_RESULTADOS\04_DOCUMENTOS_CITIUS_E_PECAS\ARQUIVO_OFICIAL_TRIBUNAL\PROC_23142_EXECUCAO_TRL\PROC_23142-22-7T8LSB_SENTENCA_1.pdf,3260a7de7c205c02bb0b1338da7f94d7383e48ad807bb1f295bfa6ceb6cd2d89,395.75,23142/22.7T8LSB,0.58,PARCIAL,N/A,NAO,14,0,0
482,PROC_23142-22-7T8LSB_SENTENCA_DATA_20221013.pdf,03_RESULTADOS\04_DOCUMENTOS_CITIUS_E_PECAS\ARQUIVO_OFICIAL_TRIBUNAL\PROC_23142_EXECUCAO_TRL\PROC_23142-22-7T8LSB_SENTENCA_DATA_20221013.pdf,d347c43a7105535078e2a4dc41e2e9f58f34c13efd6bdd77fc81ebbb4d3096ef,279.54,23142/22.7T8LSB,0.58,PARCIAL,N/A,NAO,18,0,0
483,PROC_23142-22-7T8LSB_SENTENCA_DATA_20230424_EXEC_Nuno_Migue_EXEQ_Centenario.pdf,03_RESULTADOS\04_DOCUMENTOS_CITIUS_E_PECAS\ARQUIVO_OFICIAL_TRIBUNAL\PROC_23142_EXECUCAO_TRL\PROC_23142-22-7T8LSB_SENTENCA_DATA_20230424_EXEC_Nuno_Migue_EXEQ_Centenario.pdf,5a3f523d51d29dfa201566b9b6d67e649f36a6e41131331eba763fb244fd3606,1629.88,23142/22.7T8LSB,0.58,PARCIAL,N/A,NAO,126,0,0
484,PROC_23142-22-7T8LSB_SENTENCA__alt.pdf,03_RESULTADOS\04_DOCUMENTOS_CITIUS_E_PECAS\ARQUIVO_OFICIAL_TRIBUNAL\PROC_23142_EXECUCAO_TRL\PROC_23142-22-7T8LSB_SENTENCA__alt.pdf,3260a7de7c205c02bb0b1338da7f94d7383e48ad807bb1f295bfa6ceb6cd2d89,395.75,23142/22.7T8LSB,0.58,PARCIAL,N/A,NAO,14,0,0
485,PROC_23142-22-7_DATA_20251020.pdf,03_RESULTADOS\04_DOCUMENTOS_CITIUS_E_PECAS\ARQUIVO_OFICIAL_TRIBUNAL\PROC_23142_EXECUCAO_TRL\PROC_23142-22-7_DATA_20251020.pdf,0e7de35119bc4fda2c57115bda1eb1898ff151352706649cdee1683f46450748,75.88,23142/22.7T8LSB,1.0,DOCUMENTADO,N/A,NAO,15,0,0
486,PROC_23142-22-7_DATA_20251020_alt.pdf,03_RESULTADOS\04_DOCUMENTOS_CITIUS_E_PECAS\ARQUIVO_OFICIAL_TRIBUNAL\PROC_23142_EXECUCAO_TRL\PROC_23142-22-7_DATA_20251020_alt.pdf,0e7de35119bc4fda2c57115bda1eb1898ff151352706649cdee1683f46450748,75.88,23142/22.7T8LSB,1.0,DOCUMENTADO,N/A,NAO,15,0,0
487,PROC_23142-22-7_DESPACHO_DATA_20250703.pdf,03_RESULTADOS\04_DOCUMENTOS_CITIUS_E_PECAS\ARQUIVO_OFICIAL_TRIBUNAL\PROC_23142_EXECUCAO_TRL\PROC_23142-22-7_DESPACHO_DATA_20250703.pdf,a463054229f9eefd3e1c6c058aa72cb37bc8697e8965b80d8f8a33044eb0b8cf,270.33,23142/22.7T8LSB,0.58,PARCIAL,N/A,NAO,9,0,0
488,PROC_23142-22-7_DESPACHO_DATA_20250703_1.pdf,03_RESULTADOS\04_DOCUMENTOS_CITIUS_E_PECAS\ARQUIVO_OFICIAL_TRIBUNAL\PROC_23142_EXECUCAO_TRL\PROC_23142-22-7_DESPACHO_DATA_20250703_1.pdf,93cb27a468b824b69d5eb1fdfdc6780db5b69b1f06417ffa29f8c362cc15e204,270.33,23142/22.7T8LSB,0.58,PARCIAL,N/A,NAO,9,0,0
489,PROC_23142-22-7_DESPACHO_DATA__alt.pdf,03_RESULTADOS\04_DOCUMENTOS_CITIUS_E_PECAS\ARQUIVO_OFICIAL_TRIBUNAL\PROC_23142_EXECUCAO_TRL\PROC_23142-22-7_DESPACHO_DATA__alt.pdf,93cb27a468b824b69d5eb1fdfdc6780db5b69b1f06417ffa29f8c362cc15e204,270.33,23142/22.7T8LSB,0.58,PARCIAL,N/A,NAO,9,0,0
490,PROC_23142-22_7T8LSB_SENTENCA_DATA_2023-04-24_CENTENRIO_UNIPESSOAL_LDA_NUNO_MIGUEL_SILVA_DUARTE_E_OU.pdf,03_RESULTADOS\04_DOCUMENTOS_CITIUS_E_PECAS\ARQUIVO_OFICIAL_TRIBUNAL\PROC_23142_EXECUCAO_TRL\PROC_23142-22_7T8LSB_SENTENCA_DATA_2023-04-24_CENTENRIO_UNIPESSOAL_LDA_NUNO_MIGUEL_SILVA_DUARTE_E_OU.pdf,c10b444b1d1d9e96b0ff947a80a0e1d3d66decd4896c42c0c2aab9850fe48271,1518.33,23142/22.7T8LSB,0.58,PARCIAL,N/A,NAO,126,0,0
491,PROC_23142-22_7T8LSB_SENTENCA_DATA_2023-04-24_CENTENRIO_UNIPESSOAL_LDA_NUNO_MIGUEL_SILVA_DUARTE_E_OUTROS_011.pdf,03_RESULTADOS\04_DOCUMENTOS_CITIUS_E_PECAS\ARQUIVO_OFICIAL_TRIBUNAL\PROC_23142_EXECUCAO_TRL\PROC_23142-22_7T8LSB_SENTENCA_DATA_2023-04-24_CENTENRIO_UNIPESSOAL_LDA_NUNO_MIGUEL_SILVA_DUARTE_E_OUTROS_011.pdf,c10b444b1d1d9e96b0ff947a80a0e1d3d66decd4896c42c0c2aab9850fe48271,1518.33,23142/22.7T8LSB,0.58,PARCIAL,N/A,NAO,126,0,0
492,PROC_23142-22_7T8LSB_SENTENCA__alt.pdf,03_RESULTADOS\04_DOCUMENTOS_CITIUS_E_PECAS\ARQUIVO_OFICIAL_TRIBUNAL\PROC_23142_EXECUCAO_TRL\PROC_23142-22_7T8LSB_SENTENCA__alt.pdf,c10b444b1d1d9e96b0ff947a80a0e1d3d66decd4896c42c0c2aab9850fe48271,1518.33,23142/22.7T8LSB,0.58,PARCIAL,N/A,NAO,126,0,0
493,PROC_3719_CITACAO_001.pdf,03_RESULTADOS\04_DOCUMENTOS_CITIUS_E_PECAS\ARQUIVO_OFICIAL_TRIBUNAL\PROC_3719_CAUTELAR_ARQUIVADO\PROC_3719_CITACAO_001.pdf,c329cec3d4f0e5edacc7463699e6a3e2b9a229ee79966b2fb99244b0d7db87be,97.17,N/A,0.0,NAO_INDICIADO,N/A,NAO,9,0,0
494,PROC_3719_CITACAO_001_alt.pdf,03_RESULTADOS\04_DOCUMENTOS_CITIUS_E_PECAS\ARQUIVO_OFICIAL_TRIBUNAL\PROC_3719_CAUTELAR_ARQUIVADO\PROC_3719_CITACAO_001_alt.pdf,c329cec3d4f0e5edacc7463699e6a3e2b9a229ee79966b2fb99244b0d7db87be,97.17,N/A,0.0,NAO_INDICIADO,N/A,NAO,9,0,0
495,PROC_3719_CITACAO_20250311_001.pdf,03_RESULTADOS\04_DOCUMENTOS_CITIUS_E_PECAS\ARQUIVO_OFICIAL_TRIBUNAL\PROC_3719_CAUTELAR_ARQUIVADO\PROC_3719_CITACAO_20250311_001.pdf,a2850d0e94d758cc45c900092b07d6e9ef87d1183d60dc664903f3134aba824f,134.44,N/A,0.0,NAO_INDICIADO,N/A,NAO,13,0,0
496,PROC_3719_CITACAO_20250311_001_alt.pdf,03_RESULTADOS\04_DOCUMENTOS_CITIUS_E_PECAS\ARQUIVO_OFICIAL_TRIBUNAL\PROC_3719_CAUTELAR_ARQUIVADO\PROC_3719_CITACAO_20250311_001_alt.pdf,a2850d0e94d758cc45c900092b07d6e9ef87d1183d60dc664903f3134aba824f,134.44,N/A,0.0,NAO_INDICIADO,N/A,NAO,13,0,0
497,PROC_3719_CITACAO_20250807_001.pdf,03_RESULTADOS\04_DOCUMENTOS_CITIUS_E_PECAS\ARQUIVO_OFICIAL_TRIBUNAL\PROC_3719_CAUTELAR_ARQUIVADO\PROC_3719_CITACAO_20250807_001.pdf,564a5dd3bc767414325298bd4b8ffbbd5512fd0d9e5f9895975a463cef1a01d6,27.19,N/A,0.0,NAO_INDICIADO,N/A,NAO,9,0,0
498,PROC_3719_CITACAO_20250807_001_alt.pdf,03_RESULTADOS\04_DOCUMENTOS_CITIUS_E_PECAS\ARQUIVO_OFICIAL_TRIBUNAL\PROC_3719_CAUTELAR_ARQUIVADO\PROC_3719_CITACAO_20250807_001_alt.pdf,564a5dd3bc767414325298bd4b8ffbbd5512fd0d9e5f9895975a463cef1a01d6,27.19,N/A,0.0,NAO_INDICIADO,N/A,NAO,9,0,0
499,PROC_3719_FACTOS_PROVADOS.pdf,03_RESULTADOS\04_DOCUMENTOS_CITIUS_E_PECAS\ARQUIVO_OFICIAL_TRIBUNAL\PROC_3719_CAUTELAR_ARQUIVADO\PROC_3719_FACTOS_PROVADOS.pdf,2a71978b0bd31a799adb0ad5ed9dd4a57eacae6f344af721b3c838d730d4c0d7,117.87,N/A,0.0,NAO_INDICIADO,N/A,NAO,23,0,0
500,PROC_3719_FACTOS_PROVADOS_alt.pdf,03_RESULTADOS\04_DOCUMENTOS_CITIUS_E_PECAS\ARQUIVO_OFICIAL_TRIBUNAL\PROC_3719_CAUTELAR_ARQUIVADO\PROC_3719_FACTOS_PROVADOS_alt.pdf,2a71978b0bd31a799adb0ad5ed9dd4a57eacae6f344af721b3c838d730d4c0d7,117.87,N/A,0.0,NAO_INDICIADO,N/A,NAO,23,0,0
501,PROC_3719_NOTIFICACAO_20250226.pdf,03_RESULTADOS\04_DOCUMENTOS_CITIUS_E_PECAS\ARQUIVO_OFICIAL_TRIBUNAL\PROC_3719_CAUTELAR_ARQUIVADO\PROC_3719_NOTIFICACAO_20250226.pdf,707140f4d5ec9e9cf4dcd154ee99263571e079f5eac9743aa4e1472e0a9fdbb1,85.21,3719/25.0T8LSB,1.0,DOCUMENTADO,N/A,NAO,15,0,0
502,PROC_3719_NOTIFICACAO_20250226_alt.pdf,03_RESULTADOS\04_DOCUMENTOS_CITIUS_E_PECAS\ARQUIVO_OFICIAL_TRIBUNAL\PROC_3719_CAUTELAR_ARQUIVADO\PROC_3719_NOTIFICACAO_20250226_alt.pdf,707140f4d5ec9e9cf4dcd154ee99263571e079f5eac9743aa4e1472e0a9fdbb1,85.21,3719/25.0T8LSB,1.0,DOCUMENTADO,N/A,NAO,15,0,0
503,PROC_3719_NOTIFICACAO_20250401.pdf,03_RESULTADOS\04_DOCUMENTOS_CITIUS_E_PECAS\ARQUIVO_OFICIAL_TRIBUNAL\PROC_3719_CAUTELAR_ARQUIVADO\PROC_3719_NOTIFICACAO_20250401.pdf,94dae62e417f2be918db1155c161dfd36650dd6f5b9e824be53944f0b4eea404,82.62,3719/25.0T8LSB,1.0,DOCUMENTADO,N/A,NAO,15,0,0
504,PROC_3719_NOTIFICACAO_20250401_alt.pdf,03_RESULTADOS\04_DOCUMENTOS_CITIUS_E_PECAS\ARQUIVO_OFICIAL_TRIBUNAL\PROC_3719_CAUTELAR_ARQUIVADO\PROC_3719_NOTIFICACAO_20250401_alt.pdf,94dae62e417f2be918db1155c161dfd36650dd6f5b9e824be53944f0b4eea404,82.62,3719/25.0T8LSB,1.0,DOCUMENTADO,N/A,NAO,15,0,0
505,PROC_3719_NOTIFICACAO_20250430_001.pdf,03_RESULTADOS\04_DOCUMENTOS_CITIUS_E_PECAS\ARQUIVO_OFICIAL_TRIBUNAL\PROC_3719_CAUTELAR_ARQUIVADO\PROC_3719_NOTIFICACAO_20250430_001.pdf,b873766dec39b926f02eaa1f93a8f3b11d9f77e12207c36ad39eed98d0b12e91,83.96,3719/25.0T8LSB,1.0,DOCUMENTADO,N/A,NAO,15,0,0
506,PROC_3719_NOTIFICACAO_20250430_alt.pdf,03_RESULTADOS\04_DOCUMENTOS_CITIUS_E_PECAS\ARQUIVO_OFICIAL_TRIBUNAL\PROC_3719_CAUTELAR_ARQUIVADO\PROC_3719_NOTIFICACAO_20250430_alt.pdf,b873766dec39b926f02eaa1f93a8f3b11d9f77e12207c36ad39eed98d0b12e91,83.96,3719/25.0T8LSB,1.0,DOCUMENTADO,N/A,NAO,15,0,0
507,PROC_3719_NOTIFICACAO_20250526.pdf,03_RESULTADOS\04_DOCUMENTOS_CITIUS_E_PECAS\ARQUIVO_OFICIAL_TRIBUNAL\PROC_3719_CAUTELAR_ARQUIVADO\PROC_3719_NOTIFICACAO_20250526.pdf,6254a712b6e690496a45e0fa956a9b566c8e33d7dd0ca9c0b3785b87b4020f5d,83.26,3719/25.0T8LSB,1.0,DOCUMENTADO,N/A,NAO,15,0,0
508,PROC_3719_NOTIFICACAO_20250526_alt.pdf,03_RESULTADOS\04_DOCUMENTOS_CITIUS_E_PECAS\ARQUIVO_OFICIAL_TRIBUNAL\PROC_3719_CAUTELAR_ARQUIVADO\PROC_3719_NOTIFICACAO_20250526_alt.pdf,6254a712b6e690496a45e0fa956a9b566c8e33d7dd0ca9c0b3785b87b4020f5d,83.26,3719/25.0T8LSB,1.0,DOCUMENTADO,N/A,NAO,15,0,0
509,Peticao_Acao_Cautelar_-_Inclus_alt.pdf,03_RESULTADOS\04_DOCUMENTOS_CITIUS_E_PECAS\ARQUIVO_OFICIAL_TRIBUNAL\PROC_3719_CAUTELAR_ARQUIVADO\Peticao_Acao_Cautelar_-_Inclus_alt.pdf,db24e7a0c987dad0d2e83305d3d02ac387a5495b5f13bb342539aa72362adb69,108.64,N/A,0.0,NAO_INDICIADO,N/A,NAO,56,7,0
510,Providencias_Cautelares_PDF_In_alt.pdf,03_RESULTADOS\04_DOCUMENTOS_CITIUS_E_PECAS\ARQUIVO_OFICIAL_TRIBUNAL\PROC_3719_CAUTELAR_ARQUIVADO\Providencias_Cautelares_PDF_In_alt.pdf,0c44b4264956c952d89701b84ac5f4ae27947a2ad6232cf5640780a748559f9c,798.98,N/A,0.0,NAO_INDICIADO,N/A,NAO,89,15,0
511,RECURSO_CONTTRA_AKEGACOES_3719.pdf,03_RESULTADOS\04_DOCUMENTOS_CITIUS_E_PECAS\ARQUIVO_OFICIAL_TRIBUNAL\PROC_3719_CAUTELAR_ARQUIVADO\RECURSO_CONTTRA_AKEGACOES_3719.pdf,7243d0c54e73794bfa9cff8912d8c6b239b5ae95d7ebeacf02dd4780391c772d,428.44,N/A,0.0,NAO_INDICIADO,N/A,NAO,29,0,0
512,RECURSO_CONTTRA_AKEGACOES_3719_alt.pdf,03_RESULTADOS\04_DOCUMENTOS_CITIUS_E_PECAS\ARQUIVO_OFICIAL_TRIBUNAL\PROC_3719_CAUTELAR_ARQUIVADO\RECURSO_CONTTRA_AKEGACOES_3719_alt.pdf,7243d0c54e73794bfa9cff8912d8c6b239b5ae95d7ebeacf02dd4780391c772d,428.44,N/A,0.0,NAO_INDICIADO,N/A,NAO,29,0,0
513,Relatorio.pdf,03_RESULTADOS\04_DOCUMENTOS_CITIUS_E_PECAS\ARQUIVO_OFICIAL_TRIBUNAL\PROC_3719_CAUTELAR_ARQUIVADO\Relatorio.pdf,c09be68b72a0e6b6da670f2a6b8615604c082c1d12855f784b639fb9ee2d9905,54.18,N/A,0.0,NAO_INDICIADO,N/A,NAO,16,0,0
514,Relatorio_Detalhado_de_Ilegali_alt.pdf,03_RESULTADOS\04_DOCUMENTOS_CITIUS_E_PECAS\ARQUIVO_OFICIAL_TRIBUNAL\PROC_3719_CAUTELAR_ARQUIVADO\Relatorio_Detalhado_de_Ilegali_alt.pdf,7388f25ecc6e19d02090bf73f3416b54bc00d0e3a554683638b0b4347ce6a071,34.25,N/A,0.0,NAO_INDICIADO,N/A,NAO,10,0,0
515,Relatorio_Detalhado_de_Ilegalidades_Irregularidades_e_Falhas_-_Google_Docs.pdf,03_RESULTADOS\04_DOCUMENTOS_CITIUS_E_PECAS\ARQUIVO_OFICIAL_TRIBUNAL\PROC_3719_CAUTELAR_ARQUIVADO\Relatorio_Detalhado_de_Ilegalidades_Irregularidades_e_Falhas_-_Google_Docs.pdf,3b1829c5df5540ac6d3af093c786f74b23d6aa0df01e51b376e3d600f7729f69,40.34,N/A,0.0,NAO_INDICIADO,N/A,NAO,11,0,0
516,Relatorio_Detalhado_de_Ilegalidades_Irregularidades_e_Falhas_-_Google_Docs11.pdf,03_RESULTADOS\04_DOCUMENTOS_CITIUS_E_PECAS\ARQUIVO_OFICIAL_TRIBUNAL\PROC_3719_CAUTELAR_ARQUIVADO\Relatorio_Detalhado_de_Ilegalidades_Irregularidades_e_Falhas_-_Google_Docs11.pdf,7388f25ecc6e19d02090bf73f3416b54bc00d0e3a554683638b0b4347ce6a071,34.25,N/A,0.0,NAO_INDICIADO,N/A,NAO,10,0,0
517,Relatorio_Detalhado_e_Formal_p_alt.pdf,03_RESULTADOS\04_DOCUMENTOS_CITIUS_E_PECAS\ARQUIVO_OFICIAL_TRIBUNAL\PROC_3719_CAUTELAR_ARQUIVADO\Relatorio_Detalhado_e_Formal_p_alt.pdf,5925b36a229e16e6ff9855c216eb3c8820b3f32c70c51c2c3ffcd470b1d3954d,81.29,N/A,0.0,NAO_INDICIADO,N/A,NAO,26,0,0
518,Relatorio_Detalhado_e_Formal_para_Defesa_de_Nuno_Duarte_-_Google_Docs.pdf,03_RESULTADOS\04_DOCUMENTOS_CITIUS_E_PECAS\ARQUIVO_OFICIAL_TRIBUNAL\PROC_3719_CAUTELAR_ARQUIVADO\Relatorio_Detalhado_e_Formal_para_Defesa_de_Nuno_Duarte_-_Google_Docs.pdf,5925b36a229e16e6ff9855c216eb3c8820b3f32c70c51c2c3ffcd470b1d3954d,81.29,N/A,0.0,NAO_INDICIADO,N/A,NAO,26,0,0
519,Relatorio_Detalhado_sobre_a_Co_alt.pdf,03_RESULTADOS\04_DOCUMENTOS_CITIUS_E_PECAS\ARQUIVO_OFICIAL_TRIBUNAL\PROC_23142_EXECUCAO_TRL\Relatorio_Detalhado_sobre_a_Co_alt.pdf,43226c699c1df3b28207811b4655ebee04cc20aea3c1081aaa6b018442aa217e,120.87,N/A,0.0,NAO_INDICIADO,N/A,NAO,36,0,0
520,Relatorio_Detalhado_sobre_a_Conduta_do_Advogado_Varela_e_Defesa_de_Nuno_Duarte_-_Google_Docs00000000.pdf,03_RESULTADOS\04_DOCUMENTOS_CITIUS_E_PECAS\ARQUIVO_OFICIAL_TRIBUNAL\PROC_23142_EXECUCAO_TRL\Relatorio_Detalhado_sobre_a_Conduta_do_Advogado_Varela_e_Defesa_de_Nuno_Duarte_-_Google_Docs00000000.pdf,43226c699c1df3b28207811b4655ebee04cc20aea3c1081aaa6b018442aa217e,120.87,N/A,0.0,NAO_INDICIADO,N/A,NAO,36,0,0
521,Relatorio_Detalhado_sobre_a_Conduta_do_Advogado_Varela_e_Defesa_de_Nuno_Duarte_-_Google_Docs0000000000.pdf,03_RESULTADOS\04_DOCUMENTOS_CITIUS_E_PECAS\ARQUIVO_OFICIAL_TRIBUNAL\PROC_23142_EXECUCAO_TRL\Relatorio_Detalhado_sobre_a_Conduta_do_Advogado_Varela_e_Defesa_de_Nuno_Duarte_-_Google_Docs0000000000.pdf,43226c699c1df3b28207811b4655ebee04cc20aea3c1081aaa6b018442aa217e,120.87,N/A,0.0,NAO_INDICIADO,N/A,NAO,36,0,0
522,Relatorio_Estrategico_de_Defes_alt.pdf,03_RESULTADOS\04_DOCUMENTOS_CITIUS_E_PECAS\ARQUIVO_OFICIAL_TRIBUNAL\PROC_23142_EXECUCAO_TRL\Relatorio_Estrategico_de_Defes_alt.pdf,0995be70a6e33324b4a85d5d32d4be36d6a175ebc2eb33f69f73e71b701361c7,73.32,N/A,0.0,NAO_INDICIADO,N/A,NAO,19,0,0
523,Relatorio_Estrategico_de_Defesa_Atuacao_do_Advogado_Varela_e_da_Agente_de_Execucao_-_Google_Docs.pdf,03_RESULTADOS\04_DOCUMENTOS_CITIUS_E_PECAS\ARQUIVO_OFICIAL_TRIBUNAL\PROC_23142_EXECUCAO_TRL\Relatorio_Estrategico_de_Defesa_Atuacao_do_Advogado_Varela_e_da_Agente_de_Execucao_-_Google_Docs.pdf,d84ca0fb8faf69371bbdfb7ffeb6f015ff9d56f73bbf06dbe8ddca88dc2c9639,120.32,N/A,0.0,NAO_INDICIADO,N/A,NAO,36,0,0
524,Relatorio_Estrategico_de_Defesa_Atuacao_do_Advogado_Varela_e_da_Agente_de_Execucao_-_Google_Docs1111.pdf,03_RESULTADOS\04_DOCUMENTOS_CITIUS_E_PECAS\ARQUIVO_OFICIAL_TRIBUNAL\PROC_23142_EXECUCAO_TRL\Relatorio_Estrategico_de_Defesa_Atuacao_do_Advogado_Varela_e_da_Agente_de_Execucao_-_Google_Docs1111.pdf,0264555e5e86fba172e5604396ec0806ca4efb5630a515e9b9e481fffaabe237,120.51,N/A,0.0,NAO_INDICIADO,N/A,NAO,36,0,0
525,Relatorio_Estrategico_de_Defesa_Atuacao_do_Advogado_Varela_e_da_Agente_de_Execucao_-_Google_Docs11111111111111.pdf,03_RESULTADOS\04_DOCUMENTOS_CITIUS_E_PECAS\ARQUIVO_OFICIAL_TRIBUNAL\PROC_23142_EXECUCAO_TRL\Relatorio_Estrategico_de_Defesa_Atuacao_do_Advogado_Varela_e_da_Agente_de_Execucao_-_Google_Docs11111111111111.pdf,0264555e5e86fba172e5604396ec0806ca4efb5630a515e9b9e481fffaabe237,120.51,N/A,0.0,NAO_INDICIADO,N/A,NAO,36,0,0
526,Relatorio_Estrategico_de_Defesa_Atuacao_do_Advogado_Varela_e_da_Agente_de_Execucao_-_wwww.pdf,03_RESULTADOS\04_DOCUMENTOS_CITIUS_E_PECAS\ARQUIVO_OFICIAL_TRIBUNAL\PROC_23142_EXECUCAO_TRL\Relatorio_Estrategico_de_Defesa_Atuacao_do_Advogado_Varela_e_da_Agente_de_Execucao_-_wwww.pdf,0995be70a6e33324b4a85d5d32d4be36d6a175ebc2eb33f69f73e71b701361c7,73.32,N/A,0.0,NAO_INDICIADO,N/A,NAO,19,0,0
527,Relatorio_Juridico_Detalhado_p_alt.pdf,03_RESULTADOS\04_DOCUMENTOS_CITIUS_E_PECAS\ARQUIVO_OFICIAL_TRIBUNAL\PROC_3719_CAUTELAR_ARQUIVADO\Relatorio_Juridico_Detalhado_p_alt.pdf,d1e92922fe9e5fe2482235365f6728acc30a5f81ce641ada1d5702d183bd821f,109.53,N/A,0.0,NAO_INDICIADO,N/A,NAO,34,0,0
528,Relatorio_Juridico_Detalhado_para_Nuno_Duarte_-_Google_Docs0000000.pdf,03_RESULTADOS\04_DOCUMENTOS_CITIUS_E_PECAS\ARQUIVO_OFICIAL_TRIBUNAL\PROC_3719_CAUTELAR_ARQUIVADO\Relatorio_Juridico_Detalhado_para_Nuno_Duarte_-_Google_Docs0000000.pdf,d1e92922fe9e5fe2482235365f6728acc30a5f81ce641ada1d5702d183bd821f,109.53,N/A,0.0,NAO_INDICIADO,N/A,NAO,34,0,0
529,Relatorio_alt.pdf,03_RESULTADOS\04_DOCUMENTOS_CITIUS_E_PECAS\ARQUIVO_OFICIAL_TRIBUNAL\PROC_3719_CAUTELAR_ARQUIVADO\Relatorio_alt.pdf,c09be68b72a0e6b6da670f2a6b8615604c082c1d12855f784b639fb9ee2d9905,54.18,N/A,0.0,NAO_INDICIADO,N/A,NAO,16,0,0
530,Relatorio_de_Inteligencia_Juri_alt.pdf,03_RESULTADOS\04_DOCUMENTOS_CITIUS_E_PECAS\ARQUIVO_OFICIAL_TRIBUNAL\PROC_3719_CAUTELAR_ARQUIVADO\Relatorio_de_Inteligencia_Juri_alt.pdf,056e5f05051a279e3fde9ded6811f20eb2f3d02da668dbf426390069e07cad93,53.23,N/A,0.0,NAO_INDICIADO,N/A,NAO,13,0,0
531,Relatorio_de_Inteligencia_Juridica_-_Google_Docs0000.pdf,03_RESULTADOS\04_DOCUMENTOS_CITIUS_E_PECAS\ARQUIVO_OFICIAL_TRIBUNAL\PROC_3719_CAUTELAR_ARQUIVADO\Relatorio_de_Inteligencia_Juridica_-_Google_Docs0000.pdf,2cf3716c2474c3f74776586375b384f03c3b203d6954fe8ea080a51250c266d7,75.63,N/A,0.0,NAO_INDICIADO,N/A,NAO,25,0,0
532,Relatorio_de_Inteligencia_Juridica_-_Google_Docs2.pdf,03_RESULTADOS\04_DOCUMENTOS_CITIUS_E_PECAS\ARQUIVO_OFICIAL_TRIBUNAL\PROC_3719_CAUTELAR_ARQUIVADO\Relatorio_de_Inteligencia_Juridica_-_Google_Docs2.pdf,c66b98cd5ff36bfd09aab1f717bfc7b0e1076d231f409a5cf8fe42d2768f1265,83.69,N/A,0.0,NAO_INDICIADO,N/A,NAO,23,0,0
533,Relatorio_de_Inteligencia_Juridica_-_Google_Docs34.pdf,03_RESULTADOS\04_DOCUMENTOS_CITIUS_E_PECAS\ARQUIVO_OFICIAL_TRIBUNAL\PROC_3719_CAUTELAR_ARQUIVADO\Relatorio_de_Inteligencia_Juridica_-_Google_Docs34.pdf,3e6e7a8a6f061c02fdedaf70f00ef93d637129630c89c6cfaea67cdf61ff1e64,77.02,N/A,0.0,NAO_INDICIADO,N/A,NAO,22,0,0
534,Relatorio_de_Inteligencia_Juridica_-_Google_Docs444.pdf,03_RESULTADOS\04_DOCUMENTOS_CITIUS_E_PECAS\ARQUIVO_OFICIAL_TRIBUNAL\PROC_3719_CAUTELAR_ARQUIVADO\Relatorio_de_Inteligencia_Juridica_-_Google_Docs444.pdf,d0ddbe8a97ae94d1b306548355f7f61eb261a78effe9a0b70bb0fd754c38ccd9,91.11,N/A,0.0,NAO_INDICIADO,N/A,NAO,25,0,0
535,Relatorio_de_Inteligencia_Juridica_-_Google_Docsresponsabilizar.pdf,03_RESULTADOS\04_DOCUMENTOS_CITIUS_E_PECAS\ARQUIVO_OFICIAL_TRIBUNAL\PROC_3719_CAUTELAR_ARQUIVADO\Relatorio_de_Inteligencia_Juridica_-_Google_Docsresponsabilizar.pdf,c797707d254a5cfd4561d22482aa0e75ffc08ee01f88309e91e0f0c52d66625a,40.6,N/A,0.0,NAO_INDICIADO,N/A,NAO,11,0,0
536,Relatorio_de_Inteligencia_Juridica_Detalhado_-_0000_Docs.pdf,03_RESULTADOS\04_DOCUMENTOS_CITIUS_E_PECAS\ARQUIVO_OFICIAL_TRIBUNAL\PROC_3719_CAUTELAR_ARQUIVADO\Relatorio_de_Inteligencia_Juridica_Detalhado_-_0000_Docs.pdf,a1e7edb36fbecb2e2708cc83c4ff5d67ce78de9fb9f3d631d6cfd7e2cb511ec0,89.52,N/A,0.0,NAO_INDICIADO,N/A,NAO,19,0,0
537,Relatorio_de_Inteligencia_Juridica_Detalhado_-_Google_Docs.pdf,03_RESULTADOS\04_DOCUMENTOS_CITIUS_E_PECAS\ARQUIVO_OFICIAL_TRIBUNAL\PROC_3719_CAUTELAR_ARQUIVADO\Relatorio_de_Inteligencia_Juridica_Detalhado_-_Google_Docs.pdf,afc71f6e8463ce2a396e77a938721052b5b6522912fb64fdf453385ee66d91f5,89.52,N/A,0.0,NAO_INDICIADO,N/A,NAO,19,0,0
538,Relatorio_de_Inteligencia_Juridica_Detalhado_-_Google_Docs00.pdf,03_RESULTADOS\04_DOCUMENTOS_CITIUS_E_PECAS\ARQUIVO_OFICIAL_TRIBUNAL\PROC_3719_CAUTELAR_ARQUIVADO\Relatorio_de_Inteligencia_Juridica_Detalhado_-_Google_Docs00.pdf,12cb98b7c2f14de72f31e080ad24fd5f06070d3a26d486ee2638e9af0a477746,93.72,N/A,0.0,NAO_INDICIADO,N/A,NAO,20,0,0
539,Relatorio_de_Inteligencia_Juridica_Detalhado_-_Google_Docs000000.pdf,03_RESULTADOS\04_DOCUMENTOS_CITIUS_E_PECAS\ARQUIVO_OFICIAL_TRIBUNAL\PROC_3719_CAUTELAR_ARQUIVADO\Relatorio_de_Inteligencia_Juridica_Detalhado_-_Google_Docs000000.pdf,a031c20a885dfcbd9ea6f45916e98749727578831d9ab124e2654c8967bd0ab2,89.39,N/A,0.0,NAO_INDICIADO,N/A,NAO,19,0,0
540,Relatorio_de_Inteligencia_Juridica_Detalhado_-_Google_Docs11111111111.pdf,03_RESULTADOS\04_DOCUMENTOS_CITIUS_E_PECAS\ARQUIVO_OFICIAL_TRIBUNAL\PROC_3719_CAUTELAR_ARQUIVADO\Relatorio_de_Inteligencia_Juridica_Detalhado_-_Google_Docs11111111111.pdf,b82ccd70a7da940564305320442869332b4340ec17927ad4cb26110d48de9e44,124.24,N/A,0.0,NAO_INDICIADO,N/A,NAO,35,0,0
541,Relatorio_de_Inteligencia_Juridica_Detalhado_para_Nuno_Duarte_-_Google_Docs1.pdf,03_RESULTADOS\04_DOCUMENTOS_CITIUS_E_PECAS\ARQUIVO_OFICIAL_TRIBUNAL\PROC_3719_CAUTELAR_ARQUIVADO\Relatorio_de_Inteligencia_Juridica_Detalhado_para_Nuno_Duarte_-_Google_Docs1.pdf,333c8f5e42bd1e94312cb62f29648944c8736aadf37a8f8a75bda888d5b274e2,67.55,N/A,0.0,NAO_INDICIADO,N/A,NAO,15,0,0
542,Relatorio_de_Inteligencia_Juridica_Simplificado_-_Google_Docs.pdf,03_RESULTADOS\04_DOCUMENTOS_CITIUS_E_PECAS\ARQUIVO_OFICIAL_TRIBUNAL\PROC_3719_CAUTELAR_ARQUIVADO\Relatorio_de_Inteligencia_Juridica_Simplificado_-_Google_Docs.pdf,87d53156bde29e207e52c6a0ebd405260c08ebcd302ba97be5e04bed9c701bb7,39.58,N/A,0.0,NAO_INDICIADO,N/A,NAO,10,0,0
543,Relatorio_de_Inteligencia_Juridica_simples-_Google_Docs.pdf,03_RESULTADOS\04_DOCUMENTOS_CITIUS_E_PECAS\ARQUIVO_OFICIAL_TRIBUNAL\PROC_3719_CAUTELAR_ARQUIVADO\Relatorio_de_Inteligencia_Juridica_simples-_Google_Docs.pdf,98464c9a76f98d479af43b9267d25cc0451ba4d69ac00f46d9b097c3f947f5e0,92.52,N/A,0.0,NAO_INDICIADO,N/A,NAO,22,0,0
544,Relatorio_de_Inteligencia_Juridica_sobre_Nuno_Duarte_-_Google_Docs.pdf,03_RESULTADOS\04_DOCUMENTOS_CITIUS_E_PECAS\ARQUIVO_OFICIAL_TRIBUNAL\PROC_3719_CAUTELAR_ARQUIVADO\Relatorio_de_Inteligencia_Juridica_sobre_Nuno_Duarte_-_Google_Docs.pdf,00fb10fbd775ba8539fcb317520a74e0f4090f8c9b4bce35bd0b93d1576887a3,50.12,N/A,0.0,NAO_INDICIADO,N/A,NAO,12,0,0
545,Relatorio_de_Inteligencia_Juridica_sobre_Nuno_Duarte_-_Google_Docs22.pdf,03_RESULTADOS\04_DOCUMENTOS_CITIUS_E_PECAS\ARQUIVO_OFICIAL_TRIBUNAL\PROC_3719_CAUTELAR_ARQUIVADO\Relatorio_de_Inteligencia_Juridica_sobre_Nuno_Duarte_-_Google_Docs22.pdf,0bcbeec68f4bf4a11cc9199ebf55070adec670d43183161645a70ccdfec4fe64,53.23,N/A,0.0,NAO_INDICIADO,N/A,NAO,13,0,0
546,Relatorio_de_Inteligencia_Juridica_sobre_Nuno_Duarte_-_Google_Docs2222.pdf,03_RESULTADOS\04_DOCUMENTOS_CITIUS_E_PECAS\ARQUIVO_OFICIAL_TRIBUNAL\PROC_3719_CAUTELAR_ARQUIVADO\Relatorio_de_Inteligencia_Juridica_sobre_Nuno_Duarte_-_Google_Docs2222.pdf,056e5f05051a279e3fde9ded6811f20eb2f3d02da668dbf426390069e07cad93,53.23,N/A,0.0,NAO_INDICIADO,N/A,NAO,13,0,0
547,SEM_DATA_-_Termo_-_50409665_-_23142_22_7T8LSB.pdf,03_RESULTADOS\04_DOCUMENTOS_CITIUS_E_PECAS\ARQUIVO_OFICIAL_TRIBUNAL\PROC_23142_EXECUCAO_TRL\SEM_DATA_-_Termo_-_50409665_-_23142_22_7T8LSB.pdf,47fed599f871306d58ae40a0b392514e20f0cc203f5090f2037b533fb7fb8381,27.39,23142/22.7T8LSB,1.0,DOCUMENTADO,N/A,NAO,5,0,0
548,SEM_DATA_-_Termo_-_50409665_-__alt.pdf,03_RESULTADOS\04_DOCUMENTOS_CITIUS_E_PECAS\ARQUIVO_OFICIAL_TRIBUNAL\PROC_23142_EXECUCAO_TRL\SEM_DATA_-_Termo_-_50409665_-__alt.pdf,47fed599f871306d58ae40a0b392514e20f0cc203f5090f2037b533fb7fb8381,27.39,23142/22.7T8LSB,1.0,DOCUMENTADO,N/A,NAO,5,0,0
549,WORKFLOW_ESTRATEGIA_23142_COMPLETO.pdf,03_RESULTADOS\04_DOCUMENTOS_CITIUS_E_PECAS\ARQUIVO_OFICIAL_TRIBUNAL\PROC_23142_EXECUCAO_TRL\WORKFLOW_ESTRATEGIA_23142_COMPLETO.pdf,946396a31e71a6d2ff1243fc2eb28e6429973153ea1c247c3b6c2450f085857d,32.52,23142/22.7T8LSB,1.0,DOCUMENTADO,N/A,NAO,17,0,0
550,WORKFLOW_ESTRATEGIA_23142_COMP_alt.pdf,03_RESULTADOS\04_DOCUMENTOS_CITIUS_E_PECAS\ARQUIVO_OFICIAL_TRIBUNAL\PROC_23142_EXECUCAO_TRL\WORKFLOW_ESTRATEGIA_23142_COMP_alt.pdf,946396a31e71a6d2ff1243fc2eb28e6429973153ea1c247c3b6c2450f085857d,32.52,23142/22.7T8LSB,1.0,DOCUMENTADO,N/A,NAO,17,0,0
551,azul_renato_preto_nunoTransmis_alt.pdf,03_RESULTADOS\04_DOCUMENTOS_CITIUS_E_PECAS\ARQUIVO_OFICIAL_TRIBUNAL\PROC_23142_EXECUCAO_TRL\azul_renato_preto_nunoTransmis_alt.pdf,c62b89edb7d40e44fa34cf06cae6ed85f54d6f678f3d977bb623ffed008251ca,1171.17,N/A,0.0,NAO_INDICIADO,N/A,NAO,6,2,0
552,azul_renato_preto_nunoTransmissao_de_divida_2.pdf,03_RESULTADOS\04_DOCUMENTOS_CITIUS_E_PECAS\ARQUIVO_OFICIAL_TRIBUNAL\PROC_23142_EXECUCAO_TRL\azul_renato_preto_nunoTransmissao_de_divida_2.pdf,c62b89edb7d40e44fa34cf06cae6ed85f54d6f678f3d977bb623ffed008251ca,1171.17,N/A,0.0,NAO_INDICIADO,N/A,NAO,6,2,0
553,d8660910_PROC_3719-25_0T8LSB_DESPACHO_PROCESSO_3719250T8LSB_025.pdf,03_RESULTADOS\04_DOCUMENTOS_CITIUS_E_PECAS\ARQUIVO_OFICIAL_TRIBUNAL\PROC_3719_CAUTELAR_ARQUIVADO\d8660910_PROC_3719-25_0T8LSB_DESPACHO_PROCESSO_3719250T8LSB_025.pdf,d86609107c341c8b40c9fb65ff4c716e731e925847926c9cce0ffe5291b7a981,97.92,3719/25.0T8LSB,0.58,PARCIAL,N/A,NAO,9,0,0
554,d8660910_PROC_3719-25_0T8LSB_D_alt.pdf,03_RESULTADOS\04_DOCUMENTOS_CITIUS_E_PECAS\ARQUIVO_OFICIAL_TRIBUNAL\PROC_3719_CAUTELAR_ARQUIVADO\d8660910_PROC_3719-25_0T8LSB_D_alt.pdf,d86609107c341c8b40c9fb65ff4c716e731e925847926c9cce0ffe5291b7a981,97.92,3719/25.0T8LSB,0.58,PARCIAL,N/A,NAO,9,0,0
555,diap_alt.pdf,03_RESULTADOS\04_DOCUMENTOS_CITIUS_E_PECAS\ARQUIVO_OFICIAL_TRIBUNAL\PROC_15547_REIVINDICACAO\diap_alt.pdf,400402b6c24038f23e664b1687a290cccc03aee44eb97c3a4ae55955bd771690,703.15,N/A,0.0,NAO_INDICIADO,N/A,NAO,6,0,0
556,processo23142.pdf,03_RESULTADOS\04_DOCUMENTOS_CITIUS_E_PECAS\ARQUIVO_OFICIAL_TRIBUNAL\PROC_23142_EXECUCAO_TRL\processo23142.pdf,4439f25220f97283d7476ab94d8c96709ee10f5b36944a53940e00437e3a7fbb,3016.13,N/A,0.0,NAO_INDICIADO,N/A,NAO,183,0,0
557,renato_certida_at.pdf,03_RESULTADOS\04_DOCUMENTOS_CITIUS_E_PECAS\ARQUIVO_OFICIAL_TRIBUNAL\PROC_23142_EXECUCAO_TRL\renato_certida_at.pdf,90454314b1899c78cf16c211bac80b40cd7231d726c5f2a1e69a77b6847c2bf7,1227.74,N/A,0.0,NAO_INDICIADO,N/A,NAO,68,0,0
558,renato_certida_at_alt.pdf,03_RESULTADOS\04_DOCUMENTOS_CITIUS_E_PECAS\ARQUIVO_OFICIAL_TRIBUNAL\PROC_23142_EXECUCAO_TRL\renato_certida_at_alt.pdf,90454314b1899c78cf16c211bac80b40cd7231d726c5f2a1e69a77b6847c2bf7,1227.74,N/A,0.0,NAO_INDICIADO,N/A,NAO,68,0,0
559,renato_duarte_lisbonexp_com_gr_alt.pdf,03_RESULTADOS\04_DOCUMENTOS_CITIUS_E_PECAS\ARQUIVO_OFICIAL_TRIBUNAL\PROC_23142_EXECUCAO_TRL\renato_duarte_lisbonexp_com_gr_alt.pdf,c111a70519fbea90110d582e1f0ac826cd75895a174caaf11cec62ef9165e4da,2644.49,N/A,0.0,NAO_INDICIADO,N/A,NAO,16,0,0
560,renato_duarte_lisbonexp_com_grelha_-_2025_08_08_20_38.pdf,03_RESULTADOS\04_DOCUMENTOS_CITIUS_E_PECAS\ARQUIVO_OFICIAL_TRIBUNAL\PROC_23142_EXECUCAO_TRL\renato_duarte_lisbonexp_com_grelha_-_2025_08_08_20_38.pdf,c111a70519fbea90110d582e1f0ac826cd75895a174caaf11cec62ef9165e4da,2644.49,N/A,0.0,NAO_INDICIADO,N/A,NAO,16,0,0
561,scribd_com-Providencias_Cautelares_PDF_Injuncao_Sentenca_juridico-fpscreenshot.pdf,03_RESULTADOS\04_DOCUMENTOS_CITIUS_E_PECAS\ARQUIVO_OFICIAL_TRIBUNAL\PROC_3719_CAUTELAR_ARQUIVADO\scribd_com-Providencias_Cautelares_PDF_Injuncao_Sentenca_juridico-fpscreenshot.pdf,11643e3fa800098018ba8f06537d545240b1470001c9c8edcbd056b5d0986398,4994.61,N/A,0.0,NAO_INDICIADO,N/A,NAO,33,0,0
562,scribd_com-Providencias_Cautelares_no_Processo_Civil_PDF_Injuncao_Justica-fpscreenshot.pdf,03_RESULTADOS\04_DOCUMENTOS_CITIUS_E_PECAS\ARQUIVO_OFICIAL_TRIBUNAL\PROC_3719_CAUTELAR_ARQUIVADO\scribd_com-Providencias_Cautelares_no_Processo_Civil_PDF_Injuncao_Justica-fpscreenshot.pdf,5589b029ef5365bd6b1836245e28cb62ca1ab80bfaa1920c4d0e65fcd1bc4a74,11321.49,N/A,0.0,NAO_INDICIADO,N/A,NAO,66,0,1
563,unicre_finpartner_2_alt.pdf,03_RESULTADOS\04_DOCUMENTOS_CITIUS_E_PECAS\ARQUIVO_OFICIAL_TRIBUNAL\PROC_10153_UNICRE_SUSPENSO\unicre_finpartner_2_alt.pdf,40b79ece03e888210c27b64650143390fa00666a8a51e191a348f0560390cf79,309.56,N/A,0.0,NAO_INDICIADO,N/A,NAO,65,0,0
